firebase_id,prolific_id,condition_name,visualization_condition,prompt_order,s1_prompt_type,s2_prompt_type,s1_mba_initial_rmse,s1_mbe_initial_rmse,s1_mbe_final_rmse,s1_mbe_avg_rmse,s1_mba_initial_err_empathy,s1_mbe_final_err_empathy,s1_mbe_final_abs_err_empathy,s1_sign_correct_empathy,s1_mba_initial_err_erudite,s1_mbe_final_err_erudite,s1_mbe_final_abs_err_erudite,s1_sign_correct_erudite,s1_mba_initial_err_robotic,s1_mbe_final_err_robotic,s1_mbe_final_abs_err_robotic,s1_sign_correct_robotic,s1_mba_initial_err_romantic,s1_mbe_final_err_romantic,s1_mbe_final_abs_err_romantic,s1_sign_correct_romantic,s1_mba_initial_err_sycophantic,s1_mbe_final_err_sycophantic,s1_mbe_final_abs_err_sycophantic,s1_sign_correct_sycophantic,s1_mba_initial_err_toxic,s1_mbe_final_err_toxic,s1_mbe_final_abs_err_toxic,s1_sign_correct_toxic,s1_sign_accuracy,s2_mba_initial_rmse,s2_mbe_initial_rmse,s2_mbe_final_rmse,s2_mbe_avg_rmse,s2_mba_initial_err_empathy,s2_mbe_final_err_empathy,s2_mbe_final_abs_err_empathy,s2_sign_correct_empathy,s2_mba_initial_err_erudite,s2_mbe_final_err_erudite,s2_mbe_final_abs_err_erudite,s2_sign_correct_erudite,s2_mba_initial_err_robotic,s2_mbe_final_err_robotic,s2_mbe_final_abs_err_robotic,s2_sign_correct_robotic,s2_mba_initial_err_romantic,s2_mbe_final_err_romantic,s2_mbe_final_abs_err_romantic,s2_sign_correct_romantic,s2_mba_initial_err_sycophantic,s2_mbe_final_err_sycophantic,s2_mbe_final_abs_err_sycophantic,s2_sign_correct_sycophantic,s2_mba_initial_err_toxic,s2_mbe_final_err_toxic,s2_mbe_final_abs_err_toxic,s2_sign_correct_toxic,s2_sign_accuracy
1oHWwGGSCfRytaqXg6cD5GY6ZOq1,6637b21240220c2517fffa1a,multi_turn,2,asst_first,ASST,ROLEPLY,0.8290466475817466,0.6096284512080834,0.5913890228563525,0.4920321378690146,0.7205607476635515,0.8384615384615384,0.8384615384615384,0.0,0.8231481481481481,0.9592592592592593,0.9592592592592593,0.0,0.41434911242603545,-0.564792899408284,0.564792899408284,0.0,0.7265428870292887,-0.2635983263598327,0.2635983263598327,1.0,0.7351503759398498,-0.2931034482758621,0.2931034482758621,1.0,1.2988970588235293,-0.029411764705882415,0.029411764705882415,1.0,0.5,0.250843152351585,0.5147745593594691,0.20864284399645827,0.15909627907445262,-0.25841346153846156,0.18461538461538457,0.18461538461538457,1.0,-0.37222222222222234,-0.08148148148148149,0.08148148148148149,1.0,0.07429733727810661,0.4210191082802547,0.4210191082802547,0.0,0.3228515625,-0.015062761506276223,0.015062761506276223,1.0,0.2054511278195489,0.09999999999999998,0.09999999999999998,1.0,-0.14227941176470588,-0.18161764705882344,0.18161764705882344,1.0,0.8333333333333334
2AUwJGzTvqRj926cv32S2ZcH2eB3,672c7f537c4a19882d6f9e15,multi_turn,2,asst_first,ASST,ROLEPLY,0.43919400425752525,0.40309291429964583,0.5260901258828357,0.55361565522876,0.4205607476635514,1.0076923076923077,1.0076923076923077,0.0,0.6231481481481481,0.662962962962963,0.662962962962963,0.0,0.31434911242603547,0.2588757396449704,0.2588757396449704,1.0,0.2265428870292887,0.2196652719665272,0.2196652719665272,,-0.6648496240601502,-0.21120689655172423,0.21120689655172423,1.0,-0.0011029411764706398,0.21397058823529402,0.21397058823529402,1.0,0.6,0.4840401702159187,0.4443843851929346,0.5422482082552286,0.45616735528014846,0.7415865384615383,0.9769230769230769,0.9769230769230769,0.0,0.6277777777777778,0.5157407407407407,0.5157407407407407,0.0,-0.0257026627218934,-0.2514792899408284,0.2514792899408284,,0.3228515625,0.2698744769874476,0.2698744769874476,,-0.5945488721804512,-0.5296992481203007,0.5296992481203007,0.0,0.05772058823529408,0.3566176470588235,0.3566176470588235,1.0,0.25
5FXvkePciJNqG4cXzz4xjlbmZ5s1,69a6e19366f31b3e3460f2b7,single_turn,1,roleply_first,ROLEPLY,ASST,0.664541315263651,0.7854206230130091,0.7854206230130091,0.783274867524031,-0.5584134615384616,0.7415865384615383,0.7415865384615383,0.0,1.0277777777777777,1.0277777777777777,1.0277777777777777,0.0,0.7742973372781067,0.5742973372781066,0.5742973372781066,1.0,-0.5771484375,-0.8771484375,0.8771484375,0.0,-0.1945488721804511,-0.8945488721804511,0.8945488721804511,0.0,0.5577205882352941,-0.4422794117647059,0.4422794117647059,1.0,0.3333333333333333,0.3261901532740549,0.8187007663352883,0.6997598912694127,0.7335824505666869,-0.0794392523364486,-0.7096153846153845,0.7096153846153845,1.0,-0.0768518518518519,-0.43148148148148163,0.43148148148148163,1.0,-0.1856508875739645,0.9877958579881657,0.9877958579881657,1.0,-0.3734571129707113,-0.8242677824267783,0.8242677824267783,1.0,-0.6648496240601502,-0.7366379310344828,0.7366379310344828,1.0,-0.10110294117647062,0.2246323529411764,0.2246323529411764,1.0,1.0
5p1F8BaXN2apKUQmXLb4qh1l3Yx2,66f0409cf2658a66284b3b2d,single_turn,1,roleply_first,ROLEPLY,ASST,0.8346865743274302,0.8493336595275366,0.5549762982182624,0.7155459779422445,0.4415865384615384,-0.7586538461538462,0.7586538461538462,1.0,0.2277777777777777,0.2555555555555554,0.2555555555555554,1.0,-1.0257026627218935,-0.11508875739644969,0.11508875739644969,1.0,-1.0771484375,-0.33891213389121344,0.33891213389121344,1.0,-1.1945488721804511,0.8258620689655172,0.8258620689655172,0.0,-0.5422794117647058,0.6300578034682083,0.6300578034682083,1.0,0.8333333333333334,0.2671096669622697,0.5601060161242548,0.7851611218745399,0.6295535291839403,0.12056074766355142,0.9230769230769231,0.9230769230769231,0.0,-0.2768518518518519,0.059259259259259234,0.059259259259259234,1.0,0.21434911242603552,0.3553254437869823,0.3553254437869823,1.0,-0.2734571129707113,-0.5794979079497908,0.5794979079497908,1.0,0.2351503759398497,1.1379310344827587,1.1379310344827587,0.0,-0.40110294117647066,-1.0422687861271676,1.0422687861271676,0.0,0.5
8ATdWJSkcNP06Fcjg6q4hJ2ahp32,67e5ebfad8af26b1bb60e460,control,0,roleply_first,ROLEPLY,ASST,0.6508749182123692,0.7598851417522436,0.6798718956139479,0.624782385037831,-0.5584134615384616,-0.2596153846153846,0.2596153846153846,1.0,1.1277777777777778,0.711111111111111,0.711111111111111,,-0.5257026627218934,-1.123076923076923,1.123076923076923,0.0,-0.4771484375,-0.39037656903765694,0.39037656903765694,1.0,-0.49454887218045107,-0.7444078947368421,0.7444078947368421,0.0,0.4577205882352941,0.4821170520231214,0.4821170520231214,1.0,0.6,0.4200134191931737,0.24759724956752355,0.3863702147802349,0.4271520696542524,0.22056074766355138,0.6557692307692307,0.6557692307692307,0.0,0.023148148148148084,0.5962962962962962,0.5962962962962962,,0.41434911242603545,0.05917159763313612,0.05917159763313612,1.0,-0.1734571129707113,-0.021757322175732285,0.021757322175732285,1.0,-0.5648496240601503,0.046428571428571506,0.046428571428571506,1.0,0.6988970588235294,-0.32242647058823526,0.32242647058823526,1.0,0.8
CCLqmwePkwbEUItbXHRa6SNyPtH3,670e8b28f1a48a783a00c341,single_turn,1,asst_first,ASST,ROLEPLY,0.5716992196874043,0.5270391516225756,0.49576864978403123,0.3748844855735215,0.3205607476635514,0.2326923076923077,0.2326923076923077,,-0.576851851851852,-0.18518518518518517,0.18518518518518517,1.0,0.01434911242603551,-0.5505917159763314,0.5505917159763314,0.0,-0.1734571129707113,0.11631799163179912,0.11631799163179912,1.0,-1.0648496240601504,-0.7982758620689655,0.7982758620689655,1.0,-0.6011029411764706,-0.6575367647058824,0.6575367647058824,1.0,0.8,0.5479626131839505,0.7160775794113323,0.735584907746576,0.7028407698738306,0.7415865384615383,1.301923076923077,1.301923076923077,0.0,0.8277777777777777,-0.18518518518518517,0.18518518518518517,1.0,-0.7257026627218933,-1.0396449704142012,1.0396449704142012,0.0,-0.0771484375,0.43974895397489533,0.43974895397489533,1.0,-0.0945488721804511,0.0,0.0,1.0,0.1577205882352941,-0.49292279411764706,0.49292279411764706,1.0,0.6666666666666666
JGyenRHWRfc2jxpHle1ZnjUigVs2,650b03136ab3d4c832d98b71,multi_turn,2,asst_first,ASST,ROLEPLY,0.45839327954968956,0.42446205977498447,0.6988449561741257,0.5584752012544263,0.12056074766355142,0.6134615384615384,0.6134615384615384,0.0,0.7231481481481481,0.6722222222222222,0.6722222222222222,0.0,0.21434911242603552,-0.03550295857988173,0.03550295857988173,1.0,-0.6734571129707112,0.19999999999999996,0.19999999999999996,1.0,-0.3648496240601503,1.2793103448275864,1.2793103448275864,0.0,-0.3011029411764706,-0.651300578034682,0.651300578034682,0.0,0.3333333333333333,0.6063254630244737,0.5691843790707708,0.5054822584665654,0.49945914955913634,0.5415865384615384,0.5634615384615385,0.5634615384615385,0.0,0.8277777777777777,0.8074074074074074,0.8074074074074074,0.0,-0.6257026627218933,-0.5146449704142011,0.5146449704142011,0.0,0.2228515625,-0.1004184100418411,0.1004184100418411,1.0,-0.5945488721804512,0.5241379310344828,0.5241379310344828,1.0,0.6577205882352941,-0.1183823529411765,0.1183823529411765,1.0,0.5
KI06r2JLt0ZZBJ7f3EYKjjmBFQT2,67722aa65639cba87301c81c,single_turn,1,roleply_first,ROLEPLY,ASST,0.7848055839544884,0.9258727464103162,0.8814126126200887,0.923656017148546,-0.45841346153846163,-0.36923076923076925,0.36923076923076925,1.0,0.4277777777777777,1.1111111111111112,1.1111111111111112,0.0,0.7742973372781067,-0.8562130177514793,0.8562130177514793,0.0,-0.7771484375,-0.289121338912134,0.289121338912134,1.0,0.5054511278195488,1.089655172413793,1.089655172413793,0.0,1.357720588235294,1.1341911764705883,1.1341911764705883,0.0,0.3333333333333333,0.6694488746614718,0.7516648244709289,0.838426108473349,0.7844765371237663,0.7205607476635515,1.1346153846153846,1.1346153846153846,0.0,-0.6768518518518519,-0.42592592592592604,0.42592592592592604,1.0,-0.1856508875739645,-0.934319526627219,0.934319526627219,0.0,0.4265428870292887,0.2259414225941422,0.2259414225941422,,-1.0648496240601504,-1.1607142857142856,1.1607142857142856,0.0,-0.6011029411764706,-0.6911764705882353,0.6911764705882353,1.0,0.4
OFprCSB53qM33eS8GDEVVM5vMbr1,69811d9451120edfa666951d,single_turn,1,asst_first,ASST,ROLEPLY,0.3758860374735077,0.614307583812775,0.6501747120563274,0.7147746581352084,-0.0794392523364486,0.000396259014423,0.000396259014423,,0.8231481481481481,0.9481481481481482,0.9481481481481482,0.0,-0.3856508875739645,0.009156050955414,0.009156050955414,,0.0265428870292887,-0.705078125,0.705078125,0.0,-0.0648496240601503,0.41240601503759394,0.41240601503759394,1.0,-0.10110294117647062,0.9849264705882352,0.9849264705882352,0.0,0.25,0.11794066151914061,0.48268013020284434,0.6869539547613173,0.5238841072134437,-0.15841346153846161,0.8115384615384615,0.8115384615384615,0.0,0.1277777777777777,0.5847222222222221,0.5847222222222221,0.0,0.07429733727810661,-0.4750739644970414,0.4750739644970414,0.0,0.022851562500000006,0.7539748953974894,0.7539748953974894,0.0,0.10545112781954888,1.003448275862069,1.003448275862069,0.0,0.1577205882352941,-0.17279411764705882,0.17279411764705882,1.0,0.16666666666666666
Rn4il8g2d3a9ErECdAhAnf97ejo1,5c346116a490d30001f0f21d,single_turn,1,asst_first,ASST,ROLEPLY,0.6907555541787184,0.649797425027734,0.4468274730431281,0.5037620631489227,-0.5794392523364486,0.4788461538461538,0.4788461538461538,,0.2231481481481481,0.5777777777777777,0.5777777777777777,,-0.1856508875739645,-0.2825443786982248,0.2825443786982248,,-0.9734571129707112,-0.12552301255230136,0.12552301255230136,1.0,-1.0648496240601504,-0.096551724137931,0.096551724137931,1.0,-0.6011029411764706,-0.7279411764705883,0.7279411764705883,1.0,1.0,0.6533960549014288,0.790223522277896,0.7611335187603622,0.7824075258529312,-0.45841346153846163,1.1432692307692307,1.1432692307692307,0.0,0.9277777777777777,1.174074074074074,1.174074074074074,0.0,-1.0257026627218935,-0.6576433121019107,0.6576433121019107,1.0,-0.0771484375,-0.044677734375,0.044677734375,,0.005451127819548901,0.2137931034482758,0.2137931034482758,,0.6577205882352941,-0.556985294117647,0.556985294117647,1.0,0.5
bOATjZdzzKPNA0rv8SHz8uZ47vE3,66294177a2d171c3a831f21a,multi_turn,2,asst_first,ASST,ROLEPLY,0.6451806213197083,0.6463087476742119,0.6270805325893473,0.41431369086402203,-0.17943925233644858,0.0875,0.0875,,0.12314814814814809,0.4888888888888889,0.4888888888888889,,-0.0856508875739645,-0.1588757396449704,0.1588757396449704,1.0,-0.9734571129707112,-0.9110878661087867,0.9110878661087867,1.0,-1.0648496240601504,-0.8956896551724138,0.8956896551724138,1.0,-0.6011029411764706,-0.6746323529411765,0.6746323529411765,1.0,1.0,0.4290973945365556,0.5044388426672385,0.5523465038362233,0.5231732851218713,-0.9584134615384616,0.210576923076923,0.210576923076923,,0.02777777777777768,0.04259259259259246,0.04259259259259246,1.0,0.27429733727810657,-1.2899408284023668,1.2899408284023668,0.0,0.12285156250000001,-0.3368200836820084,0.3368200836820084,1.0,0.30545112781954886,-0.0834586466165414,0.0834586466165414,1.0,-0.0422794117647059,-0.0016544117647059042,0.0016544117647059042,1.0,0.8
bYAvBCyegSQYaXADdsbIi5HZZUW2,67104c7deff954cb22438402,single_turn,1,roleply_first,ROLEPLY,ASST,0.8370225694320391,1.0844953186463642,1.1030117378353963,1.0439617418575655,0.0415865384615384,0.9465537383177571,0.9465537383177571,1.0,1.2277777777777779,1.2666666666666666,1.2666666666666666,0.0,-1.0257026627218935,-0.4840764331210191,0.4840764331210191,1.0,-0.0771484375,-1.56640625,1.56640625,0.0,-1.1945488721804511,-1.3082706766917294,1.3082706766917294,0.0,0.4577205882352941,-0.6323529411764706,0.6323529411764706,1.0,0.5,0.5140699734890729,0.8668338358780904,0.8668338358780904,0.7628356392265527,0.22056074766355138,-1.0794392523364487,1.0794392523364487,0.0,-0.0768518518518519,0.7231481481481481,0.7231481481481481,0.0,0.21434911242603552,0.6143491124260355,0.6143491124260355,1.0,-0.9734571129707112,-0.9734571129707112,0.9734571129707112,1.0,0.5351503759398497,-1.0648496240601504,1.0648496240601504,0.0,-0.5011029411764707,-0.6011029411764706,0.6011029411764706,1.0,0.5
bomgMSyOqtcI5Y0NMmSfjNLHZiF3,69a792fc2d35ed68237867c3,single_turn,1,asst_first,ASST,ROLEPLY,0.35892250102182366,0.370018967802417,0.44176203187408825,0.3905361486528142,-0.6794392523364485,0.4846153846153846,0.4846153846153846,1.0,-0.47685185185185186,0.6333333333333333,0.6333333333333333,0.0,0.11434911242603549,0.18106508875739652,0.18106508875739652,1.0,0.0265428870292887,0.4414225941422594,0.4414225941422594,,-0.26484962406015033,0.4,0.4,1.0,-0.0011029411764706398,0.38382352941176473,0.38382352941176473,1.0,0.8,0.5329425828702833,0.4708471672617044,0.8321057460661895,0.6656810850487074,0.4415865384615384,1.4730769230769232,1.4730769230769232,0.0,0.6277777777777778,0.05555555555555547,0.05555555555555547,1.0,-0.7257026627218933,-1.046153846153846,1.046153846153846,0.0,0.3228515625,0.5941422594142258,0.5941422594142258,,-0.6945488721804511,0.7000000000000001,0.7000000000000001,1.0,-0.0422794117647059,-0.2095588235294118,0.2095588235294118,1.0,0.6
c6fJGXTGHjWWMZqbr9Kb8BOhQcH2,5e74f18520ab35040b41d526,multi_turn,2,asst_first,ASST,ROLEPLY,0.6718583443338264,0.7039584291165517,0.7158848488792318,0.5691799540397953,0.020560747663551412,0.20420560747663558,0.20420560747663558,1.0,0.023148148148148084,0.8666666666666666,0.8666666666666666,0.0,0.5143491124260354,0.9608280254777071,0.9608280254777071,0.0,-0.9734571129707112,-1.01336669921875,1.01336669921875,0.0,-1.0648496240601504,-0.18965517241379315,0.18965517241379315,1.0,-0.6011029411764706,-0.5441176470588236,0.5441176470588236,1.0,0.5,0.6192754910427077,0.7946951576972916,0.8084854982377856,0.6153475483597928,-0.5584134615384616,0.6173076923076923,0.6173076923076923,0.0,1.0277777777777777,0.8314814814814815,0.8314814814814815,0.0,-0.2257026627218934,-0.4190828402366864,0.4190828402366864,0.0,-0.5771484375,-0.7813807531380754,0.7813807531380754,1.0,-0.6945488721804511,-1.1832706766917294,1.1832706766917294,0.0,0.2577205882352941,-0.8143382352941178,0.8143382352941178,1.0,0.3333333333333333
k3xrZUfDDgf9ck6IlM8W7SNNkLu1,699ec098d5e833b119bb99dc,control,0,roleply_first,ROLEPLY,ASST,0.5138480142211814,0.7397980622350271,0.5237246236356093,0.5610730169468844,0.3415865384615384,-0.85,0.85,1.0,0.4277777777777777,-0.0314814814814815,0.0314814814814815,1.0,-0.0257026627218934,0.6313609467455623,0.6313609467455623,1.0,0.5228515625,-0.47928870292887027,0.47928870292887027,1.0,0.30545112781954886,0.17443609022556403,0.17443609022556403,1.0,0.9577205882352942,0.5132947976878612,0.5132947976878612,1.0,1.0,0.48653100251203185,0.4810417903149303,0.5374369327303701,0.5069353625368217,0.5205607476635514,0.1259615384615384,0.1259615384615384,,0.7231481481481481,1.0148148148148146,1.0148148148148146,0.0,0.01434911242603551,0.29230769230769227,0.29230769230769227,1.0,0.0265428870292887,-0.4650627615062762,0.4650627615062762,1.0,-0.7648496240601502,-0.606203007518797,0.606203007518797,0.0,-0.2011029411764706,0.13455882352941168,0.13455882352941168,1.0,0.6
kjAnmuh87VMBgEmIGq8CoJttafp2,69600c536076cb24b0e69aa7,multi_turn,2,roleply_first,ROLEPLY,ASST,0.593910075852035,0.8654711279603751,0.8441065298820185,0.8191188898534985,-0.15841346153846161,0.7993702540887851,0.7993702540887851,1.0,1.0277777777777777,1.135185185185185,1.135185185185185,0.0,-0.3257026627218934,-0.9661982248520711,0.9661982248520711,0.0,0.022851562500000006,-0.632958984375,0.632958984375,0.0,0.10545112781954888,-0.925,0.925,0.0,0.9577205882352942,0.3970588235294117,0.3970588235294117,,0.2,0.3044673785595525,0.5674531898867695,0.747161996857754,0.4258272098402174,0.5205607476635514,-0.6014018691588785,0.6014018691588785,0.0,0.12314814814814809,-0.022222222222222143,0.022222222222222143,1.0,-0.1856508875739645,1.1152866242038217,1.1152866242038217,0.0,-0.2734571129707113,-0.9962890625,0.9962890625,0.0,-0.26484962406015033,-0.8212406015037593,0.8212406015037593,0.0,-0.3011029411764706,0.27647058823529413,0.27647058823529413,1.0,0.3333333333333333
mFiOfBvOAQbzrtSNGnw4WPgaWWt2,6993e83416945f6b2e3c9818,control,0,asst_first,ASST,ROLEPLY,0.5067310436241136,0.9623121263853911,0.9745772142978315,0.8899879281326699,0.5205607476635514,0.29252336448598126,0.29252336448598126,1.0,0.4231481481481481,1.335185185185185,1.335185185185185,0.0,-0.48565088757396446,-0.2853503184713376,0.2853503184713376,1.0,-0.7734571129707113,-1.380859375,1.380859375,0.0,-0.4648496240601503,-1.2077067669172932,1.2077067669172932,0.0,-0.2011029411764706,-0.619485294117647,0.619485294117647,1.0,0.5,0.767355412904876,0.6562215237077694,0.6270378127710678,0.5783876121855591,-0.5584134615384616,0.41983173076923075,0.41983173076923075,0.0,1.1277777777777778,0.7462962962962962,0.7462962962962962,0.0,-0.9257026627218934,0.3266719745222929,0.3266719745222929,0.0,-0.5771484375,-0.6702928870292888,0.6702928870292888,1.0,-0.7945488721804511,-0.9424812030075187,0.9424812030075187,0.0,0.35772058823529407,-0.4261029411764706,0.4261029411764706,1.0,0.3333333333333333
mNvqm30JewMJQl8ESowRSvKCCK43,65b92135e296f28cb1a093c3,single_turn,1,roleply_first,ROLEPLY,ASST,0.7964438663104245,0.8480844373843177,0.9284577244715891,0.9068196578849408,-0.9584134615384616,0.9884615384615385,0.9884615384615385,0.0,0.9277777777777777,1.2425925925925925,1.2425925925925925,0.0,0.6742973372781066,0.6928994082840237,0.6928994082840237,1.0,-0.0771484375,0.9705810546875,0.9705810546875,1.0,0.8054511278195489,0.5142857142857143,0.5142857142857143,1.0,0.9577205882352942,-0.9820809248554914,0.9820809248554914,0.0,0.5,0.8412294940356291,0.755782633786397,0.8891644623822709,0.8511548570221205,-1.0794392523364487,1.5576923076923077,1.5576923076923077,0.0,-0.7768518518518519,-0.6481481481481481,0.6481481481481481,1.0,-0.1856508875739645,0.7781065088757397,0.7781065088757397,1.0,-0.9734571129707112,-0.4225941422594143,0.4225941422594143,1.0,-1.0648496240601504,0.803448275862069,0.803448275862069,,-0.6011029411764706,-0.6838235294117647,0.6838235294117647,1.0,0.8
pB7KPQ7uMeWogviTjJJaBu3gaTx2,60b5d56cc4d0a037b4533af6,multi_turn,2,asst_first,ASST,ROLEPLY,0.348910218715552,0.3722424025305342,0.4423914377372722,0.438204202767202,0.6205607476635514,-0.006074766355140204,0.006074766355140204,1.0,0.2231481481481481,0.9555555555555555,0.9555555555555555,0.0,-0.1856508875739645,0.2882165605095541,0.2882165605095541,,-0.2734571129707113,-0.40888671875,0.40888671875,0.0,-0.1648496240601503,-0.10431034482758628,0.10431034482758628,1.0,0.3988970588235294,0.0,0.0,1.0,0.6,0.6539702013701519,0.43847526217080246,0.44606356863664504,0.40169921682320037,-0.35841346153846165,0.2663461538461538,0.2663461538461538,0.0,1.2277777777777779,0.7037037037037036,0.7037037037037036,0.0,-0.2257026627218934,-0.5131656804733727,0.5131656804733727,0.0,-0.4771484375,0.0700836820083681,0.0700836820083681,,-0.7945488721804511,-0.43759398496240604,0.43759398496240604,0.0,-0.14227941176470588,-0.40982658959537566,0.40982658959537566,0.0,0.0
vWvpDIrdNwToj9eFdnQoaecd1TG2,5ea9fd35de1f1015aea1117a,single_turn,1,roleply_first,ROLEPLY,ASST,0.9847262147823566,0.6305423385097393,0.5917204873012863,0.6182829432775515,-0.8584134615384617,0.7365384615384616,0.7365384615384616,0.0,1.0277777777777777,0.35463102409638564,0.35463102409638564,1.0,-0.9257026627218934,-0.2595414201183432,0.2595414201183432,0.0,-0.9771484375,-0.589958158995816,0.589958158995816,1.0,-0.7945488721804511,0.8758620689655172,0.8758620689655172,0.0,1.2577205882352942,-0.5,0.5,1.0,0.5,0.28698364056010633,0.72389225951047,0.39971272925720125,0.5092978606253753,0.4205607476635514,0.673076923076923,0.673076923076923,,-0.17685185185185193,-0.09259259259259256,0.09259259259259256,1.0,0.41434911242603545,0.5828402366863906,0.5828402366863906,1.0,-0.07345711297071131,-0.15062761506276157,0.15062761506276157,1.0,0.13515037593984972,0.0,0.0,1.0,-0.3011029411764706,-0.3669117647058824,0.3669117647058824,1.0,1.0
voKKw5cOS2YYas5jMLDBLJO99mm2,582afed4ce3a0e00010b3245,multi_turn,2,roleply_first,ROLEPLY,ASST,0.845407265222303,0.7707727361398329,0.7738824703414003,0.6891396958885918,-0.6584134615384616,1.2365384615384616,1.2365384615384616,0.0,-0.37222222222222234,0.5962962962962963,0.5962962962962963,0.0,0.6742973372781066,-0.23217455621301772,0.23217455621301772,0.0,-0.8771484375,-0.7702928870292887,0.7702928870292887,1.0,0.8054511278195489,-0.9599154135338345,0.9599154135338345,0.0,1.357720588235294,-0.37426470588235305,0.37426470588235305,1.0,0.3333333333333333,0.772393957121403,0.6373682946175468,0.8449665175070866,0.5576898345433621,0.22056074766355138,0.277570093457944,0.277570093457944,1.0,0.923148148148148,0.4277777777777777,0.4277777777777777,,-0.48565088757396446,1.2592356687898087,1.2592356687898087,0.0,-0.9734571129707112,-1.1099609375,1.1099609375,0.0,-1.0648496240601504,-0.9695488721804512,0.9695488721804512,0.0,-0.6011029411764706,-0.5158088235294118,0.5158088235294118,1.0,0.4
yNaOLeYoiMOvRlYB2N0mLRBP3Kw1,6980ff480783a55ae76c8bdb,control,0,roleply_first,ROLEPLY,ASST,0.6897095549755295,0.6919446734864174,0.6763423696143986,0.6879238806787282,0.3415865384615384,0.9019230769230768,0.9019230769230768,0.0,1.1277777777777778,1.1944444444444444,1.1944444444444444,0.0,-0.8257026627218934,-0.6128513313609467,0.6128513313609467,0.0,-0.0771484375,-0.2510983263598327,0.2510983263598327,1.0,0.2054511278195489,0.2206896551724138,0.2206896551724138,1.0,0.8577205882352941,0.1308823529411764,0.1308823529411764,1.0,0.5,0.7052575830058593,0.6545613153488746,0.4828134371117535,0.4251173463405048,-0.5794392523364486,-0.04038461538461541,0.04038461538461541,1.0,-0.17685185185185193,0.024999999999999994,0.024999999999999994,1.0,0.6143491124260355,0.48091715976331356,0.48091715976331356,1.0,-0.9734571129707112,-0.7008368200836821,0.7008368200836821,1.0,-0.9648496240601503,-0.33793103448275863,0.33793103448275863,1.0,-0.6011029411764706,-0.7481617647058825,0.7481617647058825,1.0,1.0
ye65Jqo9bURrD8XmAjbhyXUnIt42,69a8fc1564f555e616c39ff2,single_turn,1,asst_first,ASST,ROLEPLY,0.5745738750927741,0.5705005597661202,0.5431746754040377,0.4734690801986995,-0.47943925233644863,-0.1565420560747663,0.1565420560747663,,0.023148148148148084,-0.6666666666666667,0.6666666666666667,1.0,0.41434911242603545,0.930103550295858,0.930103550295858,1.0,-0.9734571129707112,-0.37154811715481173,0.37154811715481173,1.0,0.7351503759398498,-0.344396551724138,0.344396551724138,1.0,-0.3011029411764706,-0.4237132352941177,0.4237132352941177,1.0,1.0,0.5788318168060405,0.5306249736127676,0.5787813603666919,0.5116677456053361,0.0415865384615384,-0.8836538461538462,0.8836538461538462,1.0,-0.27222222222222225,0.4185185185185185,0.4185185185185185,,-0.0257026627218934,0.9140127388535032,0.9140127388535032,0.0,-1.0771484375,-0.4044921875,0.4044921875,0.0,-0.1945488721804511,0.12142857142857139,0.12142857142857139,1.0,0.8577205882352941,0.2003676470588235,0.2003676470588235,,0.5
1C4vqo3MNqelQDcHv83prCMumpl2,67d440ccf6f3293d71c32e4d,single_turn,1,asst_first,ASST,ROLEPLY,0.6192904541409097,0.5607144343590617,0.6791448026245883,0.6747213036963521,0.3205607476635514,0.5884615384615384,0.5884615384615384,0.0,0.923148148148148,1.1777777777777778,1.1777777777777778,0.0,0.11434911242603549,0.07603550295857991,0.07603550295857991,1.0,-0.8734571129707113,-0.5,0.5,1.0,-0.5648496240601503,-0.35695488721804514,0.35695488721804514,0.0,-0.5011029411764707,-0.8067095588235296,0.8067095588235296,1.0,0.5,0.6420707970800701,0.9010334179327931,0.8356597037969877,0.8232126730326498,0.2415865384615384,0.8846153846153846,0.8846153846153846,0.0,1.0277777777777777,0.8907407407407406,0.8907407407407406,0.0,-0.6257026627218933,-1.1112426035502958,1.1112426035502958,0.0,-0.3771484375,-0.5271966527196653,0.5271966527196653,1.0,-0.8945488721804511,0.19999999999999996,0.19999999999999996,1.0,0.1577205882352941,1.0301470588235293,1.0301470588235293,0.0,0.3333333333333333
2PVv97XDABR6F7OS9ic5GmIoimg2,6448503fab8d495eb76b51b0,control,0,roleply_first,ROLEPLY,ASST,0.7597153684493687,0.8834864427334823,0.7382198494975629,0.6951850630668677,-0.35841346153846165,0.5009615384615385,0.5009615384615385,0.0,1.1277777777777778,0.9407407407407408,0.9407407407407408,0.0,-0.8257026627218934,-0.7130177514792899,0.7130177514792899,0.0,-1.0771484375,-0.4309623430962344,0.4309623430962344,1.0,0.10545112781954888,-0.743103448275862,0.743103448275862,1.0,0.4577205882352941,-0.9420881502890173,0.9420881502890173,0.0,0.3333333333333333,0.6075040389699213,0.7018127414844344,0.6839088739884206,0.6045643626952625,0.7205607476635515,0.4692307692307693,0.4692307692307693,,0.5231481481481481,0.985185185185185,0.985185185185185,0.0,0.01434911242603551,0.7578402366863907,0.7578402366863907,1.0,-0.9734571129707112,-0.7751046025104603,0.7751046025104603,1.0,0.33515037593984975,0.08620689655172431,0.08620689655172431,1.0,-0.6011029411764706,-0.6580882352941178,0.6580882352941178,1.0,0.8
3cQWBLBmhVbHDYCyCyNfcra1PR72,5e76d2652d882b2481d65066,single_turn,1,roleply_first,ROLEPLY,ASST,0.9890842043001616,0.8041875461465174,0.6999661193569919,0.6983180592070062,0.6415865384615383,0.43076923076923085,0.43076923076923085,1.0,1.1277777777777778,1.0425925925925925,1.0425925925925925,0.0,-0.8257026627218934,-0.864792899408284,0.864792899408284,0.0,-1.0771484375,-0.16736401673640178,0.16736401673640178,1.0,-1.1945488721804511,0.4,0.4,1.0,0.9577205882352942,0.8551470588235295,0.8551470588235295,0.0,0.5,0.7216222285230081,0.6898950573643687,0.3925554890274836,0.36832401734440673,-0.5794392523364486,0.8538461538461539,0.8538461538461539,,-0.576851851851852,0.07037037037037042,0.07037037037037042,1.0,0.11434911242603549,0.3094674556213017,0.3094674556213017,1.0,-0.9734571129707112,-0.06276150627615085,0.06276150627615085,1.0,-1.0648496240601504,0.0,0.0,1.0,-0.6011029411764706,-0.30147058823529416,0.30147058823529416,1.0,1.0
3fRUujbNiLTHM37LRiecfNYe5Jj2,69b9a9800190f414ab589c05,multi_turn,2,asst_first,ASST,ROLEPLY,0.6446435068340841,0.8497337271755339,0.8124687224811683,0.7097207584155226,0.22056074766355138,-0.2865384615384616,0.2865384615384616,1.0,0.923148148148148,1.3592592592592592,1.3592592592592592,0.0,-0.6856508875739645,-0.9026627218934911,0.9026627218934911,0.0,-0.8734571129707113,-0.8430962343096235,0.8430962343096235,1.0,-0.5648496240601503,-0.510344827586207,0.510344827586207,1.0,-0.2011029411764706,-0.49485294117647066,0.49485294117647066,1.0,0.6666666666666666,0.7262442171985343,0.6951647305579043,0.699766650109826,0.7135431935943436,0.5415865384615384,0.17884615384615382,0.17884615384615382,1.0,1.0277777777777777,1.3222222222222222,1.3222222222222222,0.0,-0.8257026627218934,-0.5923076923076923,0.5923076923076923,0.0,-0.3771484375,-0.3100418410041842,0.3100418410041842,1.0,-0.9945488721804512,0.8431034482758619,0.8431034482758619,0.0,-0.0422794117647059,-0.0022058823529411686,0.0022058823529411686,1.0,0.5
4jwSoCmafYUpZ8N8w796JCW88Gt1,66e9977b1c4319605e488650,single_turn,1,roleply_first,ROLEPLY,ASST,0.4512662092857386,0.6674102192891403,0.5128308795522176,0.6456826809150875,0.2415865384615384,0.738785046728972,0.738785046728972,1.0,0.6277777777777778,0.8703703703703702,0.8703703703703702,0.0,-0.0257026627218934,-0.1477707006369427,0.1477707006369427,1.0,-0.2771484375,-0.240234375,0.240234375,,-0.6945488721804511,-0.40862068965517245,0.40862068965517245,1.0,0.4577205882352941,0.16764705882352948,0.16764705882352948,1.0,0.8,0.3130221328077847,0.5735221552838745,0.36899421142950356,0.6354241569278336,0.22056074766355138,-0.5846153846153846,0.5846153846153846,1.0,0.6231481481481481,0.2981481481481481,0.2981481481481481,,-0.0856508875739645,0.49674556213017756,0.49674556213017756,1.0,0.0265428870292887,-0.1401673640167364,0.1401673640167364,1.0,-0.3648496240601503,-0.0364191729323308,0.0364191729323308,,0.0988970588235294,0.34430147058823524,0.34430147058823524,0.0,0.75
4zofURNacbYb7ET6OVREeHt1SS43,63233b6cfc33c42fb00e3d9b,single_turn,1,asst_first,ASST,ROLEPLY,0.6826254019476032,0.7383346551384111,0.8602651451631574,0.7782420922480907,-1.0794392523364487,0.4843019859813085,0.4843019859813085,1.0,-0.0768518518518519,0.537037037037037,0.537037037037037,0.0,0.8143491124260355,0.9369426751592357,0.9369426751592357,0.0,-0.9734571129707112,-1.1728515625,1.1728515625,0.0,-0.0648496240601503,-1.2396616541353382,1.2396616541353382,0.0,0.0988970588235294,-0.3566176470588235,0.3566176470588235,1.0,0.3333333333333333,0.7267967616488856,0.5775383733212527,0.4987666048472585,0.5920025577485049,0.5415865384615384,0.9914573598130842,0.9914573598130842,1.0,0.9277777777777777,0.4537037037037036,0.4537037037037036,,-0.7257026627218933,-0.07324840764331209,0.07324840764331209,1.0,0.3228515625,-0.138671875,0.138671875,,0.8054511278195489,0.26203007518796984,0.26203007518796984,1.0,0.8577205882352941,-0.45882352941176474,0.45882352941176474,1.0,1.0
4zr0GUG1SjOWmsoJzX0f4RgG7dr2,606cf604adbb6982bb382881,control,0,asst_first,ASST,ROLEPLY,0.6725879022163023,1.0110831616787082,1.2822602401027132,1.3106613397072115,0.5205607476635514,1.1288461538461538,1.1288461538461538,0.0,1.123148148148148,1.385185185185185,1.385185185185185,0.0,0.8143491124260355,0.7100591715976332,0.7100591715976332,1.0,-0.2734571129707113,1.1866108786610878,1.1866108786610878,0.0,0.6351503759398497,1.7413793103448276,1.7413793103448276,0.0,-0.2011029411764706,1.3143382352941175,1.3143382352941175,0.0,0.16666666666666666,0.8297698408042274,1.010297188289604,1.0917271995576012,0.9402397931958331,0.7415865384615383,1.1307692307692307,1.1307692307692307,0.0,1.0277777777777777,1.4555555555555555,1.4555555555555555,0.0,-0.7257026627218933,-1.1649408284023668,1.1649408284023668,0.0,0.5228515625,-0.3908472803347281,0.3908472803347281,1.0,-0.9945488721804512,-1.287593984962406,1.287593984962406,0.0,0.8577205882352941,-0.765625,0.765625,1.0,0.3333333333333333
5GCIa2mPNXO2jxHrDbWGiaQLEKt2,6978b16217b05571dd3dd0fd,multi_turn,2,asst_first,ASST,ROLEPLY,0.7974494340800014,0.8598209827134539,0.985825097456207,0.9862257487428193,0.22056074766355138,0.25648364485981306,0.25648364485981306,1.0,0.8231481481481481,1.4074074074074072,1.4074074074074072,0.0,-0.48565088757396446,0.7903662420382165,0.7903662420382165,0.0,-0.8734571129707113,-1.11474609375,1.11474609375,0.0,0.6351503759398497,0.31879699248120297,0.31879699248120297,1.0,1.2988970588235293,1.3474264705882353,1.3474264705882353,0.0,0.3333333333333333,0.8871236475250146,0.9002117430847413,0.8973436104944571,0.90710366413774,0.3415865384615384,0.5268028846153846,0.5268028846153846,0.0,1.0277777777777777,1.2666666666666666,1.2666666666666666,0.0,-0.8257026627218934,-0.021019108280254772,0.021019108280254772,1.0,-1.0771484375,-1.11484375,1.11484375,0.0,0.6054511278195489,0.5734962406015038,0.5734962406015038,1.0,1.1577205882352941,1.1735294117647057,1.1735294117647057,0.0,0.3333333333333333
5sD7JPEHv5cqEGq5tQ7peEBa00S2,5589cd58fdf99b18be3203af,single_turn,1,roleply_first,ROLEPLY,ASST,0.7634598506227835,0.7211636229987266,0.9759230624243088,0.7472855874367981,-0.5584134615384616,-0.10576923076923081,0.10576923076923081,1.0,0.7277777777777776,1.1074074074074074,1.1074074074074074,0.0,0.3742973372781066,1.2541401273885349,1.2541401273885349,0.0,-0.8771484375,-1.083203125,1.083203125,0.0,0.40545112781954884,0.375,0.375,1.0,1.2577205882352942,1.261029411764706,1.261029411764706,0.0,0.3333333333333333,0.7136637422189245,0.8658215086164637,0.7767334617228954,0.8047700802639572,0.4205607476635514,0.573076923076923,0.573076923076923,0.0,1.0231481481481481,1.324074074074074,1.324074074074074,0.0,0.21434911242603552,0.5449704142011835,0.5449704142011835,1.0,-0.9734571129707112,-0.15899581589958167,0.15899581589958167,1.0,-0.8648496240601503,-0.5310344827586206,0.5310344827586206,1.0,-0.3011029411764706,-0.966452205882353,0.966452205882353,1.0,0.6666666666666666
6eJ7Pb9xtoYhhYyFHOPISlZ3Vw93,63ff7cba3c3e7de3962b2523,single_turn,1,roleply_first,ROLEPLY,ASST,0.3387081717627133,0.2382075964614771,0.3695942678748645,0.34543363955995743,-0.35841346153846165,0.1394230769230769,0.1394230769230769,,0.4277777777777777,0.03888888888888878,0.03888888888888878,1.0,-0.2257026627218934,0.08613165680473381,0.08613165680473381,1.0,-0.0771484375,-0.1504184100418411,0.1504184100418411,1.0,-0.0945488721804511,0.7724137931034483,0.7724137931034483,0.0,0.5577205882352941,0.41470588235294126,0.41470588235294126,1.0,0.8,0.42732851836249836,0.3159117402931043,0.5135430951431064,0.45917355882559874,0.22056074766355138,0.4230769230769231,0.4230769230769231,,0.6231481481481481,0.34444444444444444,0.34444444444444444,0.0,0.31434911242603547,0.2884615384615385,0.2884615384615385,1.0,-0.5734571129707112,0.0020920502092049986,0.0020920502092049986,1.0,-0.26484962406015033,1.0,1.0,,-0.40110294117647066,-0.44889705882352954,0.44889705882352954,1.0,0.75
6ozhnjHrFpVHzZYUH5XC98KyTOm1,67628abfa461bc8ff539c320,control,0,asst_first,ASST,ROLEPLY,0.4964470815711443,0.7522339781502072,1.1691556297423908,1.1047622256893996,0.4205607476635514,1.173076923076923,1.173076923076923,0.0,-0.576851851851852,1.2185185185185186,1.2185185185185186,0.0,-0.5856508875739646,0.25591715976331364,0.25591715976331364,1.0,0.0265428870292887,0.1893305439330543,0.1893305439330543,,-0.7648496240601502,1.8,1.8,0.0,-0.2011029411764706,1.4139705882352942,1.4139705882352942,0.0,0.2,0.3999612496034262,0.6612138879301871,0.6844785226388502,0.6087981676042612,0.2415865384615384,0.33076923076923076,0.33076923076923076,1.0,0.7277777777777776,1.2925925925925927,1.2925925925925927,0.0,-0.0257026627218934,-0.5295382165605096,0.5295382165605096,1.0,-0.0771484375,0.707112970711297,0.707112970711297,,-0.3945488721804511,0.4,0.4,1.0,0.4577205882352941,0.300735294117647,0.300735294117647,1.0,0.8
6rmX05f9PaZkwNPA0IqlFiXEiGo2,69a1846c72d172cbbe1ad72b,multi_turn,2,asst_first,ASST,ROLEPLY,0.5907222368167713,0.7198082474068264,0.7025859778274747,0.6850991472846887,0.5205607476635514,1.226923076923077,1.226923076923077,0.0,-0.47685185185185186,-0.2333333333333334,0.2333333333333334,1.0,-0.7856508875739645,0.6189349112426037,0.6189349112426037,1.0,-0.3734571129707113,-0.4242677824267783,0.4242677824267783,1.0,-0.8648496240601503,-0.4482758620689655,0.4482758620689655,1.0,-0.3011029411764706,-0.7987132352941178,0.7987132352941178,1.0,0.8333333333333334,0.5894695601940468,0.6191815472788992,0.6134586687733995,0.4539350983805978,0.3415865384615384,0.30393629807692296,0.30393629807692296,0.0,-0.27222222222222225,-0.35000000000000014,0.35000000000000014,1.0,0.6742973372781066,0.5164201183431952,0.5164201183431952,1.0,-0.5771484375,-0.638330078125,0.638330078125,0.0,-0.9945488721804512,-1.0522556390977442,1.0522556390977442,0.0,-0.34227941176470594,-0.5115808823529412,0.5115808823529412,1.0,0.5
8IiniyEBIjSb7Xdl1zu7poxUYcA3,69ae3c7a66fc87cf275e5482,multi_turn,2,asst_first,ASST,ROLEPLY,0.44797948853795655,0.775626664061785,0.6933101497812121,0.9994139501054359,0.4384615384615384,0.5519230769230768,0.5519230769230768,0.0,0.7703703703703704,1.2777777777777777,1.2777777777777777,0.0,-0.03372781065088759,-0.6964497041420118,0.6964497041420118,0.0,0.2290794979079497,0.5096234309623431,0.5096234309623431,0.0,0.3982758620689655,0.2909774436090226,0.2909774436090226,1.0,0.4540441176470588,0.3425091911764705,0.3425091911764705,0.0,0.16666666666666666,0.206341651617592,0.4114477426646965,0.5993931031404831,0.6345608844534187,-0.15841346153846161,0.5961538461538461,0.5961538461538461,0.0,0.2277777777777777,0.7481481481481482,0.7481481481481482,0.0,-0.3257026627218934,-0.250887573964497,0.250887573964497,0.0,-0.0771484375,0.043115234375000006,0.043115234375000006,1.0,0.005451127819548901,0.8896551724137931,0.8896551724137931,0.0,0.2577205882352941,0.6198529411764706,0.6198529411764706,0.0,0.16666666666666666
9SlKzTOjC7YGzT4avAMEBpa5AB02,695fb64b8c46822860f62577,control,0,asst_first,ASST,ROLEPLY,0.2874731741874041,0.3725448390015199,0.3862653600591537,0.3744306111484183,-0.47943925233644863,0.2788461538461538,0.2788461538461538,1.0,0.4231481481481481,0.1694444444444444,0.1694444444444444,,0.11434911242603549,0.026331360946745597,0.026331360946745597,1.0,-0.1734571129707113,-0.3397489539748955,0.3397489539748955,1.0,-0.0648496240601503,0.7758620689655172,0.7758620689655172,,0.19889705882352937,0.2658088235294117,0.2658088235294117,1.0,1.0,0.6184990548064588,0.6268656440935417,0.5857342225158719,0.5684183559428738,-0.7584134615384617,0.5778846153846153,0.5778846153846153,0.0,0.2277777777777777,0.6666666666666666,0.6666666666666666,0.0,-0.6257026627218933,-0.36544585987261147,0.36544585987261147,1.0,-0.0771484375,-0.8011506276150628,0.8011506276150628,1.0,-0.5945488721804512,0.7,0.7,1.0,0.9577205882352942,0.12132352941176472,0.12132352941176472,1.0,0.6666666666666666
9hOc1UEXScM46cbjpJNkiHYLWEv1,697d285d74e53fc6c291d19a,control,0,asst_first,ASST,ROLEPLY,0.4581575083192926,0.6532915252834315,0.6535626026408095,0.5532518041118027,-0.3794392523364486,0.3014423076923076,0.3014423076923076,0.0,-0.3768518518518519,-0.27037037037037037,0.27037037037037037,1.0,0.21434911242603552,0.7947452229299362,0.7947452229299362,0.0,-0.7734571129707113,-0.690376569037657,0.690376569037657,1.0,-0.5648496240601503,-0.39827586206896554,0.39827586206896554,1.0,-0.10110294117647062,1.0639705882352941,1.0639705882352941,0.0,0.5,0.6868540317619298,0.7064905758826386,0.7063720708164147,0.6142865494301758,-0.6584134615384616,1.073076923076923,1.073076923076923,0.0,0.5277777777777777,0.8425925925925926,0.8425925925925926,0.0,-0.5257026627218934,-0.9677514792899408,0.9677514792899408,0.0,-0.5771484375,-0.42928870292887034,0.42928870292887034,1.0,-1.094548872180451,0.10689655172413803,0.10689655172413803,1.0,0.5577205882352941,-0.007352941176470618,0.007352941176470618,1.0,0.5
Ddv9jKcy2nVfq0PMi2Zw01C7tQ42,63cc90d2bed7edb18c3fd155,multi_turn,2,asst_first,ASST,ROLEPLY,0.6046443920061854,0.46240859493561604,0.5388267873386389,0.3807917099295327,-0.9794392523364486,0.2144230769230769,0.2144230769230769,,0.2231481481481481,0.3703703703703703,0.3703703703703703,1.0,0.11434911242603549,-0.2795857988165681,0.2795857988165681,,-0.9734571129707112,-0.8158995815899582,0.8158995815899582,1.0,-0.3648496240601503,-0.5725563909774436,0.5725563909774436,0.0,-0.3011029411764706,-0.6979779411764706,0.6979779411764706,1.0,0.75,0.05242094613257208,0.24788962521705765,0.1910513099566322,0.15581324466668883,-0.05841346153846161,0.2730769230769231,0.2730769230769231,,-0.0722222222222223,0.12592592592592589,0.12592592592592589,1.0,0.07429733727810661,0.032484076433120984,0.032484076433120984,1.0,0.022851562500000006,-0.35517578125,0.35517578125,0.0,0.005451127819548901,0.004310344827586188,0.004310344827586188,1.0,-0.0422794117647059,0.03676470588235292,0.03676470588235292,1.0,0.8
EfotcXWn3wesDuwN6IicM18elAU2,695bf5c4717dfd34f8e38745,multi_turn,2,asst_first,ASST,ROLEPLY,0.5505771747615065,0.4726783355747334,0.44159074849700897,0.3758579546563471,-0.47943925233644863,0.8538461538461539,0.8538461538461539,,0.7231481481481481,0.1333333333333333,0.1333333333333333,1.0,-0.3856508875739645,-0.017751479289940808,0.017751479289940808,1.0,-0.7734571129707113,0.0,0.0,1.0,-0.26484962406015033,0.6,0.6,1.0,0.4988970588235294,-0.25073529411764706,0.25073529411764706,1.0,1.0,0.5021413391558845,0.8139863177707195,1.0540915981946355,0.971829883245219,-0.15841346153846161,1.4730769230769232,1.4730769230769232,0.0,0.02777777777777768,1.3185185185185184,1.3185185185185184,0.0,-0.5257026627218934,-0.8898668639053254,0.8898668639053254,0.0,0.2228515625,1.3401673640167364,1.3401673640167364,0.0,0.2054511278195489,0.4,0.4,1.0,1.057720588235294,0.1014705882352942,0.1014705882352942,1.0,0.3333333333333333
EyQzutP8VtTr2qpR6k8veOsY0rf2,62fba37f3560a85b4eb94aac,single_turn,1,asst_first,ASST,ROLEPLY,0.8471494913858851,0.8255918604050162,0.9181625314063844,0.7808982163493468,0.7205607476635515,0.7682692307692307,0.7682692307692307,0.0,1.123148148148148,1.3777777777777778,1.3777777777777778,0.0,-0.6856508875739645,-0.010059171597633088,0.010059171597633088,1.0,-0.8734571129707113,-1.0130615234375,1.0130615234375,0.0,-0.9648496240601503,-1.1085526315789473,1.1085526315789473,0.0,-0.6011029411764706,-0.5606617647058825,0.5606617647058825,1.0,0.3333333333333333,0.3222278158109518,0.6037762471969984,0.5413318745716552,0.6406671363285229,0.2415865384615384,0.9290865384615384,0.9290865384615384,0.0,-0.17222222222222228,0.7740740740740739,0.7740740740740739,0.0,0.5742973372781066,-0.3117834394904459,0.3117834394904459,1.0,0.3228515625,0.291015625,0.291015625,1.0,0.2054511278195489,0.2703007518796993,0.2703007518796993,1.0,-0.24227941176470585,-0.20220588235294112,0.20220588235294112,1.0,0.6666666666666666
FpQwrreSh1WLkQI2CmQGJwKcjgC3,69bff805b09c402000e9e598,multi_turn,2,asst_first,ASST,ROLEPLY,0.31262630735281416,0.49075786385265485,0.5625085356791226,0.2737297700353025,0.3205607476635514,-0.23461538461538461,0.23461538461538461,1.0,-0.2768518518518519,0.26666666666666666,0.26666666666666666,1.0,0.11434911242603549,0.1502958579881657,0.1502958579881657,1.0,-0.5734571129707112,-0.7224609375,0.7224609375,0.0,0.2351503759398497,-0.7443609022556391,0.7443609022556391,0.0,0.0988970588235294,-0.8208092485549132,0.8208092485549132,,0.6,0.6701820049959366,0.7648529772122195,0.4630658901774082,0.4533831588463999,-0.5584134615384616,-0.011538461538461497,0.011538461538461497,1.0,0.8277777777777777,-0.0537037037037037,0.0537037037037037,1.0,-0.42570266272189344,-0.0677514792899408,0.0677514792899408,1.0,-0.3771484375,-0.1765690376569039,0.1765690376569039,1.0,-0.8945488721804511,-0.3379310344827586,0.3379310344827586,1.0,0.7577205882352941,1.0647058823529412,1.0647058823529412,0.0,0.8333333333333334
Gj8xVAZyc7cF5IZ2PKtf2RDzc603,66fceda149718a86f36761b4,single_turn,1,asst_first,ASST,ROLEPLY,0.6660243176562199,0.7563962321320375,0.7527046790398598,0.5131079988364563,-0.35841346153846165,0.4944874415887851,0.4944874415887851,1.0,0.02777777777777768,0.6518518518518518,0.6518518518518518,,0.6742973372781066,0.3585191082802547,0.3585191082802547,0.0,-1.0771484375,-1.05908203125,1.05908203125,0.0,-0.8945488721804511,-1.1560150375939848,1.1560150375939848,0.0,-0.34227941176470594,-0.3786764705882353,0.3786764705882353,1.0,0.4,0.47937224867486106,0.4932962939626651,0.5724908065210147,0.5619991799759996,0.6415865384615383,0.8314903846153846,0.8314903846153846,0.0,0.4277777777777777,0.7407407407407407,0.7407407407407407,0.0,-0.5257026627218934,-0.7544378698224852,0.7544378698224852,0.0,0.022851562500000006,0.3702928870292886,0.3702928870292886,,-0.6945488721804511,-0.1340225563909774,0.1340225563909774,1.0,0.1577205882352941,0.04632352941176468,0.04632352941176468,1.0,0.4
GywK2F39sZUQhsrNYSDMJ9Z637o2,69601c5669915b29e2ee7c00,multi_turn,2,roleply_first,ROLEPLY,ASST,1.0470064717026257,1.0844953186463642,1.1310312896595154,1.0579510964281005,0.8415865384615384,1.65,1.65,0.0,1.4277777777777776,1.4814814814814814,1.4814814814814814,0.0,0.9742973372781066,-1.0821005917159763,1.0821005917159763,0.0,-1.0771484375,-0.87081589958159,0.87081589958159,1.0,-1.1945488721804511,-0.8732758620689656,0.8732758620689656,1.0,-0.5422794117647058,-0.25735294117647056,0.25735294117647056,1.0,0.5,0.9530246742093924,0.7835749073867051,0.5614886373007453,0.5338321688275792,0.9205607476635514,0.1692307692307693,0.1692307692307693,1.0,1.223148148148148,-0.7166666666666667,0.7166666666666667,1.0,0.8143491124260355,0.7707100591715977,0.7707100591715977,1.0,-0.9734571129707112,-0.7374476987447699,0.7374476987447699,1.0,-1.0648496240601504,-0.05517241379310345,0.05517241379310345,1.0,-0.6011029411764706,0.45661764705882346,0.45661764705882346,1.0,1.0
HVjSSNeWwrc7mcdD66i48Nkk6CQ2,69bb5d0e58b8b38af6ea30eb,multi_turn,2,roleply_first,ROLEPLY,ASST,0.7763325600288127,0.7791163779923203,0.6247674781720015,0.6654836825233318,-0.6584134615384616,0.9538461538461538,0.9538461538461538,0.0,1.1277777777777778,0.8203703703703703,0.8203703703703703,0.0,-0.7257026627218933,-0.7427514792899408,0.7427514792899408,0.0,-0.0771484375,-0.2635983263598327,0.2635983263598327,1.0,-0.1945488721804511,0.30000000000000004,0.30000000000000004,1.0,1.1577205882352941,-0.21911764705882364,0.21911764705882364,1.0,0.5,0.8108330462112069,0.6907345256467613,0.7237883420096468,0.4738433205355771,0.6205607476635514,-0.47692307692307695,0.47692307692307695,1.0,0.923148148148148,-0.6722222222222223,0.6722222222222223,1.0,0.5143491124260354,0.6727810650887575,0.6727810650887575,1.0,-0.9734571129707112,-1.05078125,1.05078125,0.0,-1.0648496240601504,-0.09784482758620691,0.09784482758620691,1.0,-0.6011029411764706,-0.9473805147058824,0.9473805147058824,1.0,0.8333333333333334
HqqroAzoioh7pp3jo9WvNNwvtlt2,66999b706aa1ff4d31fa559a,control,0,asst_first,ASST,ROLEPLY,0.8714875773946253,0.7977011730789054,0.629631189519584,0.4991853261139998,0.9205607476635514,-0.49615384615384617,0.49615384615384617,1.0,-0.7768518518518519,0.6962962962962962,0.6962962962962962,0.0,0.8143491124260355,0.8217455621301776,0.8217455621301776,1.0,-0.9734571129707112,-0.4916317991631799,0.4916317991631799,1.0,-1.0648496240601504,0.0,0.0,1.0,-0.6011029411764706,-0.8547794117647058,0.8547794117647058,1.0,0.8333333333333334,0.6031550466580158,0.7356819250112459,0.5991448662936193,0.675605551947873,-0.35841346153846165,-0.20432692307692307,0.20432692307692307,1.0,0.8277777777777777,0.4759259259259259,0.4759259259259259,0.0,-1.0257026627218935,-1.0521449704142012,1.0521449704142012,0.0,-0.0771484375,-0.5627615062761506,0.5627615062761506,1.0,0.005451127819548901,0.4163793103448275,0.4163793103448275,0.0,0.5577205882352941,0.5371323529411764,0.5371323529411764,0.0,0.3333333333333333
IeeIVDaEZYbPzkR4oMDwpKZQKtx1,67e70a61f963fecfc78db7ab,single_turn,1,roleply_first,ROLEPLY,ASST,0.6823190429611823,0.600956737401089,0.5666244148647107,0.4771014218204341,-0.35841346153846165,0.3288461538461538,0.3288461538461538,,0.9277777777777777,0.4462962962962963,0.4462962962962963,0.0,0.7742973372781067,-0.9591715976331362,0.9591715976331362,0.0,-0.0771484375,0.34518828451882844,0.34518828451882844,1.0,-0.9945488721804512,0.09999999999999998,0.09999999999999998,1.0,0.4577205882352941,-0.7549132947976878,0.7549132947976878,0.0,0.4,0.35353427224587025,0.42125642300091304,0.6288462431350585,0.5043291436641042,0.4205607476635514,0.6000000000000001,0.6000000000000001,0.0,-0.0768518518518519,-0.3333333333333334,0.3333333333333334,1.0,0.31434911242603547,0.1937869822485207,0.1937869822485207,1.0,0.4265428870292887,0.044769874476987326,0.044769874476987326,1.0,0.5351503759398497,0.8241379310344827,0.8241379310344827,,-0.0011029411764706398,-1.0875722543352602,1.0875722543352602,0.0,0.6
KC3P2ixnHtUuafxtyfPI78E5EXv1,6998f995e8c98005554cee72,multi_turn,2,asst_first,ASST,ROLEPLY,0.46245915884003114,0.4963968410815917,0.5211493213638151,0.4664641260537515,0.3205607476635514,0.8115384615384614,0.8115384615384614,0.0,0.4231481481481481,0.7666666666666666,0.7666666666666666,0.0,-0.7856508875739645,-0.07514792899408279,0.07514792899408279,1.0,-0.5734571129707112,-0.046025104602510636,0.046025104602510636,1.0,0.2351503759398497,0.6,0.6,1.0,-0.0011029411764706398,0.12426470588235294,0.12426470588235294,1.0,0.6666666666666666,0.7266659712714871,0.72436655527808,0.6903118106070809,0.6932321909354108,0.0415865384615384,0.8182692307692306,0.8182692307692306,0.0,0.9277777777777777,0.9296296296296296,0.9296296296296296,0.0,-0.7257026627218933,-0.3722929936305733,0.3722929936305733,1.0,-0.8771484375,-1.081640625,1.081640625,0.0,-0.8945488721804511,-0.0800751879699248,0.0800751879699248,1.0,0.4577205882352941,-0.10220588235294115,0.10220588235294115,1.0,0.5
KP6aXH1e38dOsWPJFbctyuXD0zs2,59c0782e5364260001dc4740,multi_turn,2,roleply_first,ROLEPLY,ASST,0.5631882759534768,0.9898655463594958,0.9537667604631875,0.9136183703280923,-0.5584134615384616,1.1346153846153846,1.1346153846153846,0.0,0.4277777777777777,0.8722222222222222,0.8722222222222222,0.0,-0.0257026627218934,-1.2618343195266273,1.2618343195266273,0.0,-1.0771484375,-0.8828451882845189,0.8828451882845189,1.0,-0.1945488721804511,-0.8603448275862069,0.8603448275862069,1.0,0.4577205882352941,-0.5459558823529411,0.5459558823529411,1.0,0.5,0.7276822861258134,0.545923922598671,0.7205839834550516,0.6054051168505697,0.4205607476635514,0.2745911214953271,0.2745911214953271,1.0,0.7231481481481481,1.248148148148148,1.248148148148148,0.0,-0.1856508875739645,-0.2455621301775148,0.2455621301775148,,-0.9734571129707112,-0.59033203125,0.59033203125,0.0,-1.0648496240601504,-0.800187969924812,0.800187969924812,0.0,-0.6011029411764706,-0.6580882352941178,0.6580882352941178,1.0,0.4
LsHViwLDhYZqPXclEcCXLSREbyF2,6933a234773555df88857a03,multi_turn,2,roleply_first,ROLEPLY,ASST,0.48355150056672935,0.6427643723889271,0.6630784685290365,0.5874703807309501,0.5415865384615384,0.9115384615384614,0.9115384615384614,0.0,0.1277777777777777,-0.4277777777777778,0.4277777777777778,1.0,0.17429733727810662,-1.0085798816568048,1.0085798816568048,0.0,-0.5771484375,-0.589958158995816,0.589958158995816,1.0,-0.3945488721804511,0.5,0.5,1.0,0.7577205882352941,0.09411764705882347,0.09411764705882347,1.0,0.6666666666666666,0.460862041144905,0.44304234382945235,0.4534281306594685,0.40256837816660784,0.22056074766355138,0.6788461538461538,0.6788461538461538,0.0,0.7231481481481481,0.1277777777777777,0.1277777777777777,1.0,0.11434911242603549,0.5178994082840237,0.5178994082840237,1.0,-0.3734571129707113,-0.6190376569037658,0.6190376569037658,1.0,0.7351503759398498,0.2586206896551724,0.2586206896551724,1.0,0.0988970588235294,0.1952205882352941,0.1952205882352941,1.0,0.8333333333333334
LsuxJf7jgfW2FYBfK442X9dMDdc2,69c55b66d8ade7f9bd6109d6,control,0,asst_first,ASST,ROLEPLY,0.7478116526352162,0.6037951628036117,0.5264341063016614,0.8298044652735563,0.4205607476635514,0.12464953271028041,0.12464953271028041,1.0,0.923148148148148,1.0037037037037038,1.0037037037037038,0.0,0.41434911242603545,0.23062130177514803,0.23062130177514803,1.0,0.7265428870292887,0.5208984375,0.5208984375,1.0,0.43515037593984973,0.23759398496240597,0.23759398496240597,1.0,1.1988970588235295,0.5087890625,0.5087890625,0.0,0.6666666666666666,0.7199742806407751,0.7856571837635732,0.9492291372045725,0.9651533326823277,0.6415865384615383,0.7692307692307692,0.7692307692307692,0.0,0.8277777777777777,1.3407407407407406,1.3407407407407406,0.0,0.5742973372781066,-0.1112426035502958,0.1112426035502958,1.0,0.4228515625,1.319246861924686,1.319246861924686,0.0,0.40545112781954884,0.6724137931034483,0.6724137931034483,0.0,1.1577205882352941,0.9011029411764706,0.9011029411764706,0.0,0.16666666666666666
M0k11z2CKedglqeY09tfoVF0w5l1,676f674b28634d645fe4ab35,multi_turn,2,asst_first,ASST,ROLEPLY,0.6364625888470855,0.4995888118573152,0.684956547973599,0.6111932925394203,-0.7794392523364485,0.7865384615384615,0.7865384615384615,0.0,0.8231481481481481,0.8046296296296296,0.8046296296296296,0.0,-0.1856508875739645,0.1515532544378699,0.1515532544378699,1.0,-0.9734571129707112,-0.7079497907949791,0.7079497907949791,1.0,-0.0648496240601503,1.0,1.0,,0.3988970588235294,0.15735294117647058,0.15735294117647058,1.0,0.6,0.7604280554102375,0.5187567470449751,0.3823726579267462,0.3241438058514195,0.0415865384615384,0.5,0.5,,1.1277777777777778,0.3444444444444444,0.3444444444444444,1.0,0.5742973372781066,0.28313609467455625,0.28313609467455625,1.0,-0.6771484375,-0.6274058577405859,0.6274058577405859,1.0,-1.094548872180451,0.1827586206896551,0.1827586206896551,1.0,0.4577205882352941,-0.03749999999999998,0.03749999999999998,1.0,1.0
M1jeAu0Se5OZu3AdYmQ6Wy02BoK2,69458f2aa5309848951f9026,multi_turn,2,asst_first,ASST,ROLEPLY,0.28118137627483,0.43569262863382263,0.664299827336348,0.6190456528513896,0.12056074766355142,0.7144230769230769,0.7144230769230769,0.0,0.4231481481481481,1.151851851851852,1.151851851851852,0.0,0.31434911242603547,-0.3816568047337278,0.3816568047337278,,-0.1734571129707113,0.024686192468619195,0.024686192468619195,1.0,0.33515037593984975,-0.6210526315789473,0.6210526315789473,0.0,0.19889705882352937,-0.5278492647058823,0.5278492647058823,1.0,0.4,0.4399243185640248,0.5136398460150197,0.6581869214865763,0.5658443931476279,-0.15841346153846161,0.7249999999999999,0.7249999999999999,0.0,0.6277777777777778,1.0555555555555556,1.0555555555555556,0.0,-0.2257026627218934,-0.7792899408284024,0.7792899408284024,0.0,-0.3771484375,0.28158995815899573,0.28158995815899573,1.0,-0.6945488721804511,-0.33627819548872184,0.33627819548872184,0.0,0.2577205882352941,-0.3997109826589595,0.3997109826589595,0.0,0.16666666666666666
ME1pppCtXGSvk9imfI8lFN4UPoX2,675de3bd64119cef93edfc75,single_turn,1,roleply_first,ROLEPLY,ASST,0.5419470900586326,0.7237013113068669,0.7599259410363854,0.5986425836068564,0.5415865384615384,0.4403846153846154,0.4403846153846154,,0.2277777777777777,1.0518518518518518,1.0518518518518518,0.0,0.3742973372781066,0.5273885350318471,0.5273885350318471,0.0,0.3228515625,-0.7155029296875,0.7155029296875,0.0,0.5054511278195488,-0.7333646616541353,0.7333646616541353,0.0,0.9577205882352942,0.9147058823529413,0.9147058823529413,0.0,0.0,0.3269406323559972,0.6144165812084802,0.7050221164030482,0.643722985934645,0.020560747663551412,-0.2673076923076923,0.2673076923076923,1.0,0.023148148148148084,1.2259259259259259,1.2259259259259259,0.0,0.01434911242603551,-0.7982248520710059,0.7982248520710059,0.0,0.0265428870292887,-0.6468619246861925,0.6468619246861925,1.0,0.03515037593984971,-0.4481203007518797,0.4481203007518797,0.0,0.7988970588235293,-0.38933823529411765,0.38933823529411765,1.0,0.5
MKPHVmwKyKMv55kJj5jEuhA4ef73,69bdd9c01353d737b5014313,control,0,asst_first,ASST,ROLEPLY,0.5781400594410673,0.3890325270072578,0.35882126530693914,0.35380020085173264,0.8205607476635515,0.45,0.45,0.0,-0.7768518518518519,-0.5425925925925927,0.5425925925925927,1.0,-0.3856508875739645,0.3609467455621302,0.3609467455621302,1.0,-0.3734571129707113,-0.2610878661087867,0.2610878661087867,1.0,0.43515037593984973,0.05517241379310339,0.05517241379310339,1.0,-0.5011029411764707,-0.2722426470588235,0.2722426470588235,1.0,0.8333333333333334,0.48179867708813423,0.5795601158559822,0.6489527785411306,0.5604000885338143,0.4415865384615384,0.8033653846153845,0.8033653846153845,0.0,0.8277777777777777,1.0592592592592593,1.0592592592592593,0.0,-0.3257026627218934,0.010828025477707004,0.010828025477707004,1.0,0.2228515625,0.7707112970711296,0.7707112970711296,0.0,-0.5945488721804512,0.4,0.4,1.0,0.05772058823529408,0.0727941176470589,0.0727941176470589,1.0,0.5
NISIrVZewjUVDL9RxeVO4wy3k053,695bce93d2a6e4a816e31ec8,single_turn,1,asst_first,ASST,ROLEPLY,0.7285339642824298,0.7954786530563068,0.999889315193415,0.8941129383988802,0.12056074766355142,1.6,1.6,0.0,1.223148148148148,1.4814814814814814,1.4814814814814814,0.0,0.21434911242603552,0.5100591715976333,0.5100591715976333,1.0,-0.9734571129707112,-0.5313807531380754,0.5313807531380754,1.0,-0.5648496240601503,0.5793103448275864,0.5793103448275864,1.0,-0.6011029411764706,-0.6047794117647058,0.6047794117647058,1.0,0.6666666666666666,0.8332426793615194,0.7268958221311158,0.8685872330739209,0.7179201022479215,-0.9584134615384616,1.085576923076923,1.085576923076923,0.0,-0.5722222222222223,0.3444444444444444,0.3444444444444444,,-1.0257026627218935,-0.4535031847133758,0.4535031847133758,1.0,-1.0771484375,-0.804296875,0.804296875,0.0,0.8054511278195489,-1.2548872180451127,1.2548872180451127,0.0,-0.24227941176470585,-0.8956801470588236,0.8956801470588236,1.0,0.4
PAzTaNDcxBdb1D8ZJaaTecs2Nyc2,6998804cdfd462a8fab9b10f,single_turn,1,asst_first,ASST,ROLEPLY,0.7624556632025847,0.7080770994494556,0.6937943987994067,0.6463464263529018,-0.9794392523364486,0.8769230769230769,0.8769230769230769,0.0,-0.47685185185185186,0.7907407407407407,0.7907407407407407,0.0,0.41434911242603545,-0.2674556213017752,0.2674556213017752,1.0,-0.9734571129707112,-0.12133891213389125,0.12133891213389125,1.0,-0.9648496240601503,0.0,0.0,1.0,-0.5011029411764707,-1.1864161849710981,1.1864161849710981,0.0,0.5,0.37954656079694776,0.8901856695680245,1.107776685083317,0.896420408411141,0.6415865384615383,1.2432692307692308,1.2432692307692308,0.0,-0.37222222222222234,1.3703703703703702,1.3703703703703702,0.0,0.3742973372781066,-1.0427514792899408,1.0427514792899408,0.0,0.3228515625,1.2292887029288702,1.2292887029288702,0.0,0.10545112781954888,-0.4724137931034482,0.4724137931034482,1.0,-0.24227941176470585,-1.0572254335260116,1.0572254335260116,0.0,0.16666666666666666
POwuS48YeIV8pjDgwuiqaDl8sN42,6977b954b3edb022aeb019c8,multi_turn,2,roleply_first,ROLEPLY,ASST,0.3456027778602507,0.42780822852626477,0.662590683164074,0.5658551497920681,0.1415865384615384,0.5249999999999999,0.5249999999999999,0.0,0.2277777777777777,-0.46851851851851856,0.46851851851851856,1.0,-0.5257026627218934,-1.0573964497041421,1.0573964497041421,0.0,0.12285156250000001,0.4907949790794978,0.4907949790794978,0.0,0.2054511278195489,0.6327586206896552,0.6327586206896552,0.0,0.5577205882352941,-0.6161764705882353,0.6161764705882353,1.0,0.3333333333333333,0.641181449090686,0.6301532447650532,0.706337992496125,0.5876927066369321,-0.3794392523364486,0.1461538461538462,0.1461538461538462,1.0,-0.2768518518518519,0.16666666666666663,0.16666666666666663,1.0,-0.9856508875739646,-1.1792899408284023,1.1792899408284023,0.0,0.2265428870292887,1.0368200836820083,1.0368200836820083,0.0,-0.7648496240601502,0.09999999999999998,0.09999999999999998,1.0,0.7988970588235293,0.6845588235294118,0.6845588235294118,0.0,0.5
PVwkhGYm09Y2vjR6ROncU6h6v2p2,5c291c9e1496350001cd4646,control,0,roleply_first,ROLEPLY,ASST,0.44979087274284435,0.4897185474614562,0.49796025853602616,0.48464963810284956,0.0415865384615384,0.7442307692307693,0.7442307692307693,0.0,-0.0722222222222223,0.7185185185185186,0.7185185185185186,0.0,0.9742973372781066,0.1461538461538462,0.1461538461538462,1.0,-0.0771484375,0.5690376569037656,0.5690376569037656,,0.2054511278195489,0.21379310344827585,0.21379310344827585,1.0,0.4577205882352941,-0.16360294117647062,0.16360294117647062,1.0,0.6,0.3685564196543134,0.526879732492762,0.594049401490143,0.5705523244437185,0.4205607476635514,0.9538461538461539,0.9538461538461539,0.0,0.5231481481481481,0.8148148148148147,0.8148148148148147,0.0,-0.1856508875739645,-0.49822485207100586,0.49822485207100586,0.0,0.0265428870292887,0.2991631799163179,0.2991631799163179,,-0.5648496240601503,-0.25,0.25,1.0,-0.10110294117647062,-0.3786764705882353,0.3786764705882353,1.0,0.4
PulvDgyrjrPvkKAm8NJyXEcOK0v2,69a273aa8ea44b93a7c318fa,control,0,roleply_first,ROLEPLY,ASST,0.23145800384298038,0.8639294101191197,1.033778650726919,0.8741354303357013,0.3415865384615384,1.5038461538461538,1.5038461538461538,0.0,0.02777777777777768,1.237037037037037,1.237037037037037,0.0,0.17429733727810662,-1.038646449704142,1.038646449704142,0.0,-0.3771484375,-0.5451882845188285,0.5451882845188285,1.0,0.10545112781954888,-1.0836466165413534,1.0836466165413534,0.0,-0.14227941176470588,0.26470588235294124,0.26470588235294124,1.0,0.3333333333333333,0.7487401792433845,0.8851160089510506,0.8280717904973329,0.7962422564990401,0.8205607476635515,1.4692307692307693,1.4692307692307693,0.0,-0.7768518518518519,-0.4314814814814815,0.4314814814814815,1.0,-1.1856508875739644,-1.1671597633136095,1.1671597633136095,0.0,0.0265428870292887,-0.6380753138075315,0.6380753138075315,1.0,-0.5648496240601503,0.0,0.0,1.0,-0.6011029411764706,0.0,0.0,1.0,0.6666666666666666
QkFPH8M9cPODPgIh5A3hTPl4Bow1,63474e67a5fd298c6103c409,single_turn,1,asst_first,ASST,ROLEPLY,0.5871346482288665,0.49296904026562466,0.5685302518290868,0.5291068363101826,0.22056074766355138,0.6346153846153846,0.6346153846153846,0.0,0.5231481481481481,1.0814814814814815,1.0814814814814815,0.0,-0.3856508875739645,0.003550295857988217,0.003550295857988217,1.0,-0.7734571129707113,-0.46108786610878677,0.46108786610878677,1.0,-0.8648496240601503,-0.24482758620689662,0.24482758620689662,1.0,-0.5011029411764707,-0.30735294117647066,0.30735294117647066,1.0,0.6666666666666666,0.3076809892424717,0.5899983025404988,0.4721049052732288,0.5312001621624365,0.5415865384615384,0.5413461538461538,0.5413461538461538,0.0,-0.0722222222222223,0.6648148148148147,0.6648148148148147,0.0,0.07429733727810661,-0.7366124260355028,0.7366124260355028,0.0,0.3228515625,-0.16778242677824273,0.16778242677824273,1.0,0.30545112781954886,0.0793103448275862,0.0793103448275862,1.0,0.2577205882352941,0.1588235294117647,0.1588235294117647,1.0,0.5
R1CuHAbiQJTvL52T22cXcmMTNjo2,6738bbb49b751f21694bb4af,multi_turn,2,roleply_first,ROLEPLY,ASST,0.9097360340618985,0.8245602581904742,0.9814023649977509,0.8703514037903534,-0.15841346153846161,1.3115384615384615,1.3115384615384615,0.0,1.3277777777777777,1.5222222222222221,1.5222222222222221,0.0,-0.8257026627218934,-0.7654585798816568,0.7654585798816568,0.0,0.6228515625,0.7849372384937239,0.7849372384937239,0.0,-0.9945488721804512,-0.28275862068965507,0.28275862068965507,1.0,1.057720588235294,0.6779411764705883,0.6779411764705883,0.0,0.16666666666666666,0.06742861767777324,0.6135008627182575,0.7253111686870194,0.5514653268829637,0.12056074766355142,-0.9530373831775701,0.9530373831775701,0.0,-0.0768518518518519,0.9407407407407407,0.9407407407407407,0.0,0.01434911242603551,0.33964497041420116,0.33964497041420116,1.0,-0.07345711297071131,-1.0216064453125,1.0216064453125,0.0,0.03515037593984971,-0.1142857142857143,0.1142857142857143,1.0,-0.0011029411764706398,-0.43713235294117647,0.43713235294117647,1.0,0.5
R2UCL5fF0rU0Z3VRne5SBPnOWRH2,69c58ffd18c4c49927581384,multi_turn,2,asst_first,ASST,ROLEPLY,0.5356742106097634,0.48580672864573515,0.4949035619722424,0.42619188040746403,0.6205607476635514,0.721153846153846,0.721153846153846,0.0,-0.47685185185185186,-0.5685185185185185,0.5685185185185185,1.0,-0.1856508875739645,-0.2855029585798816,0.2855029585798816,,-0.5734571129707112,0.4581589958158995,0.4581589958158995,,-0.7648496240601502,0.30000000000000004,0.30000000000000004,1.0,-0.40110294117647066,-0.49485294117647066,0.49485294117647066,1.0,0.75,0.5350261347114647,0.2393941994203122,0.2950610123655243,0.22157883768128786,-0.45841346153846163,0.2634615384615384,0.2634615384615384,,0.7277777777777776,0.2851851851851851,0.2851851851851851,1.0,0.4742973372781066,-0.3239644970414201,0.3239644970414201,,-0.0771484375,0.2907949790794978,0.2907949790794978,,0.10545112781954888,-0.4246240601503759,0.4246240601503759,0.0,0.8577205882352941,0.04246323529411761,0.04246323529411761,1.0,0.6666666666666666
RYEkjMTx3CMbFsznRIrVkJmVgd73,69ad70ad170abae499d1e32f,control,0,asst_first,ASST,ROLEPLY,0.8401446688817242,0.7095911415695394,0.6597097581671467,0.6102508298796437,0.7205607476635515,0.4576923076923076,0.4576923076923076,1.0,0.8231481481481481,0.1888888888888888,0.1888888888888888,0.0,0.5143491124260354,-1.3615384615384616,1.3615384615384616,0.0,0.8265428870292888,-0.08326359832635988,0.08326359832635988,1.0,0.6351503759398497,0.1724137931034483,0.1724137931034483,1.0,1.2988970588235293,0.6897058823529412,0.6897058823529412,0.0,0.5,0.9088661016554553,0.6796990333918855,0.8946089483383602,0.8316128919059975,-0.9584134615384616,1.4730769230769232,1.4730769230769232,0.0,1.2277777777777779,-0.3925925925925926,0.3925925925925926,1.0,-0.7257026627218933,-1.293491124260355,1.293491124260355,0.0,-0.7771484375,0.1372384937238491,0.1372384937238491,1.0,-0.6945488721804511,0.8,0.8,1.0,0.9577205882352942,-0.381985294117647,0.381985294117647,1.0,0.6666666666666666
Rbkx1RPXo4Z4ygvUrm1zM76cQ9n1,69c6ca332d4fc794bae6059d,multi_turn,2,asst_first,ASST,ROLEPLY,0.8080760814552154,0.7300352462154478,0.31152192091396047,0.4607795684557299,-0.6794392523364485,-0.30384615384615393,0.30384615384615393,1.0,-0.576851851851852,-0.20000000000000007,0.20000000000000007,1.0,0.8143491124260355,0.3497041420118343,0.3497041420118343,1.0,-0.9734571129707112,-0.5251046025104603,0.5251046025104603,1.0,0.9351503759398497,0.1517241379310344,0.1517241379310344,,0.7988970588235293,0.1700144508670521,0.1700144508670521,1.0,1.0,0.7550874842818485,0.7842858208099189,0.9372312060706953,0.9215615663967991,-0.35841346153846165,1.1057692307692308,1.1057692307692308,0.0,1.0277777777777777,1.711111111111111,1.711111111111111,0.0,-0.8257026627218934,-0.8159763313609467,0.8159763313609467,0.0,0.2228515625,0.010937499999999989,0.010937499999999989,1.0,0.40545112781954884,-0.5789473684210527,0.5789473684210527,0.0,1.1577205882352941,-0.344485294117647,0.344485294117647,1.0,0.3333333333333333
Rgxht52N5eejJmXOMr1fI2RQ5Wn1,645906dc264ac9eb66b7f3ec,control,0,roleply_first,ROLEPLY,ASST,0.6240440085397958,0.7703228069204934,0.7414995738324168,0.6610356518353193,-0.7584134615384617,0.69874050817757,0.69874050817757,1.0,0.5277777777777777,0.837037037037037,0.837037037037037,0.0,0.27429733727810657,-0.7473372781065087,0.7473372781065087,0.0,-1.0771484375,-0.787251569037657,0.787251569037657,1.0,-0.1945488721804511,-0.8305451127819549,0.8305451127819549,0.0,0.4577205882352941,-0.49191176470588244,0.49191176470588244,1.0,0.5,0.5922916858005329,0.7684177969689268,0.6389460107283272,0.5306921663180661,0.3205607476635514,-0.8365384615384616,0.8365384615384616,1.0,0.2231481481481481,-0.3740740740740741,0.3740740740740741,1.0,-0.0856508875739645,0.7485207100591715,0.7485207100591715,1.0,-0.8734571129707113,-0.9597280334728034,0.9597280334728034,1.0,-0.9648496240601503,0.1073275862068965,0.1073275862068965,,-0.5011029411764707,0.3419117647058823,0.3419117647058823,,1.0
SSHAfwqkePT8SikqI9jDen8dVpx1,5753046ba6deb50006d64b0f,single_turn,1,asst_first,ASST,ROLEPLY,0.4416353888826405,0.467233104547442,0.742119808787301,0.5696742839296514,0.5205607476635514,1.0961538461538463,1.0961538461538463,0.0,0.7231481481481481,1.1592592592592592,1.1592592592592592,0.0,0.11434911242603549,0.25254777070063694,0.25254777070063694,0.0,-0.3734571129707113,-0.1234309623430963,0.1234309623430963,1.0,-0.3648496240601503,0.8,0.8,1.0,-0.3011029411764706,0.19999999999999996,0.19999999999999996,1.0,0.5,0.4149300838463865,0.4963873462537421,0.7219969851549005,0.5866744360480448,0.3415865384615384,0.7365384615384615,0.7365384615384615,0.0,0.8277777777777777,0.9537037037037037,0.9537037037037037,0.0,-0.3257026627218934,-0.266198224852071,0.266198224852071,0.0,0.2228515625,0.5430962343096234,0.5430962343096234,0.0,-0.0945488721804511,1.0,1.0,,0.2577205882352941,0.5566176470588236,0.5566176470588236,1.0,0.2
T9jicUDlUlciZUsWtllHpgpU2lJ2,673a37f0ad04c995c8322ca6,single_turn,1,roleply_first,ROLEPLY,ASST,0.7047091643353331,0.7817358686312051,0.7642170872210905,0.8139846916397925,0.7415865384615383,1.2019230769230769,1.2019230769230769,0.0,1.0277777777777777,1.1037037037037036,1.1037037037037036,0.0,-0.7257026627218933,-0.8191383136094674,0.8191383136094674,0.0,-0.0771484375,0.3347280334728033,0.3347280334728033,,-0.7945488721804511,0.13103448275862062,0.13103448275862062,1.0,0.4577205882352941,-0.2029411764705883,0.2029411764705883,1.0,0.4,0.5469628316703156,0.4457203713094685,0.626007288306713,0.4866029249223519,0.5205607476635514,0.30384615384615377,0.30384615384615377,0.0,-0.17685185185185193,0.3944444444444444,0.3944444444444444,0.0,0.7143491124260355,-0.058579881656804667,0.058579881656804667,1.0,-0.7734571129707113,-0.5443514644351466,0.5443514644351466,1.0,-0.3648496240601503,0.9,0.9,1.0,-0.5011029411764707,-0.9968208092485549,0.9968208092485549,0.0,0.5
TH0VXXBnoASY2Zza4GqaKBGfmf42,69a26ca7254273cdad33b66e,control,0,asst_first,ASST,ROLEPLY,0.4776101009821737,0.6950418505882546,1.0595204101712459,1.027286809855571,0.4205607476635514,0.5961538461538461,0.5961538461538461,0.0,0.4231481481481481,0.974074074074074,0.974074074074074,0.0,-0.3856508875739645,0.012352071005917203,0.012352071005917203,1.0,0.0265428870292887,0.9163179916317992,0.9163179916317992,0.0,0.2351503759398497,1.7,1.7,0.0,0.8988970588235294,1.3044117647058824,1.3044117647058824,0.0,0.16666666666666666,0.4396733766934122,0.4882818979205667,0.7987171015325434,0.7887340032030109,0.0415865384615384,0.8326923076923076,0.8326923076923076,0.0,0.02777777777777768,0.3925925925925925,0.3925925925925925,0.0,0.5742973372781066,-1.052662721893491,1.052662721893491,0.0,0.2228515625,1.0234309623430962,1.0234309623430962,0.0,0.2054511278195489,0.8758620689655172,0.8758620689655172,,0.8577205882352941,-0.2398843930635838,0.2398843930635838,,0.0
TLQrYmAaVQMZoWLjOrVo0XWUSOp2,67171fa93cd108b6c2b59e4e,multi_turn,2,roleply_first,ROLEPLY,ASST,0.4380866725731236,0.6291487107262778,0.7718242646734843,0.6742265458845257,-0.5584134615384616,0.7629807692307692,0.7629807692307692,0.0,0.1277777777777777,1.3555555555555554,1.3555555555555554,0.0,0.17429733727810662,-0.5952662721893491,0.5952662721893491,0.0,0.12285156250000001,0.706276150627615,0.706276150627615,0.0,0.2054511278195489,0.4896551724137931,0.4896551724137931,1.0,0.8577205882352941,-0.24834558823529423,0.24834558823529423,1.0,0.3333333333333333,0.6458094246195225,0.7327696736366024,0.8888118122267387,0.8524287390132229,0.8826923076923077,1.2384615384615385,1.2384615384615385,0.0,1.011111111111111,1.222222222222222,1.222222222222222,0.0,-0.5726114649681529,-0.8289940828402367,0.8289940828402367,0.0,0.4569037656903765,0.9125523012552301,0.9125523012552301,0.0,0.4,0.17931034482758612,0.17931034482758612,1.0,0.06544117647058822,-0.4002116826228323,0.4002116826228323,0.0,0.16666666666666666
Td9n0qlW2IO2i6yL9abVzHxyEuy2,67e1da8a432675c0e850e8d1,control,0,roleply_first,ROLEPLY,ASST,0.6187428207460413,0.7099373064586416,0.8679915852326684,0.7339029405463644,0.6415865384615383,0.926923076923077,0.926923076923077,0.0,1.0277777777777777,0.011111111111111072,0.011111111111111072,1.0,0.5742973372781066,-0.954585798816568,0.954585798816568,0.0,0.12285156250000001,0.9841004184100418,0.9841004184100418,0.0,-0.6945488721804511,-1.2210526315789474,1.2210526315789474,0.0,-0.0422794117647059,-0.5389705882352942,0.5389705882352942,1.0,0.3333333333333333,0.5897668404954606,0.7596506527318022,0.7219427206527785,0.7171730549763856,0.12056074766355142,1.2788461538461537,1.2788461538461537,0.0,-0.2768518518518519,1.0074074074074075,1.0074074074074075,0.0,0.41434911242603545,0.39171597633136096,0.39171597633136096,1.0,-0.5734571129707112,0.41213389121338917,0.41213389121338917,1.0,-1.0648496240601504,0.0,0.0,1.0,-0.6011029411764706,-0.39191176470588246,0.39191176470588246,1.0,0.6666666666666666
ThFxXTsKI5eM8JQhLyrCIWpYrJY2,6744d14f9c134abbd6aea580,control,0,roleply_first,ROLEPLY,ASST,0.36009789074155735,0.5134917342169354,0.5634909627669036,0.5751346464137407,-0.05841346153846161,0.6221153846153846,0.6221153846153846,0.0,0.3277777777777777,0.9555555555555556,0.9555555555555556,0.0,-0.2257026627218934,-0.5612426035502958,0.5612426035502958,0.0,-0.7771484375,-0.08242677824267788,0.08242677824267788,1.0,-0.0945488721804511,-0.5165413533834586,0.5165413533834586,0.0,0.05772058823529408,-0.128125,0.128125,1.0,0.3333333333333333,0.2149484288578649,0.4068105104094819,0.5813848363263042,0.48907916059649165,0.12056074766355142,0.5451923076923078,0.5451923076923078,0.0,0.4231481481481481,1.1074074074074074,1.1074074074074074,0.0,-0.1856508875739645,-0.4913461538461538,0.4913461538461538,0.0,-0.07345711297071131,0.057763671875000006,0.057763671875000006,1.0,-0.0648496240601503,-0.4917293233082707,0.4917293233082707,0.0,0.19889705882352937,0.13382352941176473,0.13382352941176473,1.0,0.3333333333333333
VU2UUWm1wsO802PpDtulDZXxGtW2,69bc4a5a75e354d36da3b4df,control,0,asst_first,ASST,ROLEPLY,0.48781323875505356,0.3772826590539835,0.3817873963563519,0.3420355673925126,0.4205607476635514,0.2711538461538461,0.2711538461538461,,0.923148148148148,0.2324074074074073,0.2324074074074073,,0.41434911242603545,0.4781065088757397,0.4781065088757397,1.0,0.0265428870292887,0.5,0.5,,-0.4648496240601503,0.010344827586206917,0.010344827586206917,1.0,-0.10110294117647062,-0.518014705882353,0.518014705882353,1.0,1.0,0.563100418197802,0.7666816358489511,0.8265398681058337,0.8121354321692184,0.6415865384615383,1.2692307692307694,1.2692307692307694,0.0,1.0277777777777777,1.1055555555555554,1.1055555555555554,0.0,-0.42570266272189344,-1.0026627218934911,1.0026627218934911,0.0,-0.0771484375,0.3744769874476987,0.3744769874476987,,-0.1945488721804511,-0.29310344827586204,0.29310344827586204,1.0,0.4577205882352941,-0.18529411764705872,0.18529411764705872,1.0,0.4
Vx6m0jK46ScyphmFEiJAtBmx1Ue2,63e5e4a0e6325fe0fabe8ee6,single_turn,1,roleply_first,ROLEPLY,ASST,0.6462197662080233,0.40535307421707895,0.5434012422573433,0.47817553550541664,-0.25841346153846156,0.551923076923077,0.551923076923077,0.0,0.9277777777777777,0.7407407407407407,0.7407407407407407,0.0,-0.5257026627218934,0.6156804733727811,0.6156804733727811,1.0,-0.7771484375,-0.11767578125,0.11767578125,,-0.7945488721804511,0.6810344827586207,0.6810344827586207,0.0,0.2577205882352941,-0.24834558823529423,0.24834558823529423,1.0,0.4,0.5076179991283024,0.49516284362973356,0.7404929816537371,0.6508233523090382,0.6205607476635514,0.9557692307692307,0.9557692307692307,0.0,0.5231481481481481,0.9703703703703703,0.9703703703703703,0.0,0.31434911242603547,0.989171974522293,0.989171974522293,0.0,-0.4734571129707113,0.47929687499999996,0.47929687499999996,1.0,0.6351503759398497,0.4721804511278196,0.4721804511278196,1.0,-0.40110294117647066,-0.061029411764706,0.061029411764706,1.0,0.5
XsCFdDYWLZaybw3YjUi781hvlbx2,695bddfb9e66423579686e83,single_turn,1,roleply_first,ROLEPLY,ASST,0.5036586604211941,0.932039805948048,0.8841768119213451,0.8952582433398093,0.1415865384615384,0.8923076923076924,0.8923076923076924,0.0,0.5277777777777777,0.9907407407407407,0.9907407407407407,0.0,-0.42570266272189344,-0.9095691568047337,0.9095691568047337,0.0,-0.8771484375,-0.7190376569037658,0.7190376569037658,1.0,-0.3945488721804511,-0.9625939849624061,0.9625939849624061,0.0,-0.34227941176470594,-0.8011948529411765,0.8011948529411765,1.0,0.3333333333333333,0.6291446800288417,0.693104026816173,0.5515845141056158,0.6518002114797294,-0.9794392523364486,0.873076923076923,0.873076923076923,0.0,-0.3768518518518519,0.8092592592592591,0.8092592592592591,0.0,0.7143491124260355,-0.1972929936305733,0.1972929936305733,1.0,-0.7734571129707113,-0.5439330543933055,0.5439330543933055,1.0,-0.0648496240601503,0.19999999999999996,0.19999999999999996,1.0,-0.40110294117647066,-0.18308823529411766,0.18308823529411766,1.0,0.6666666666666666
YWAEaICBzsghx1wsNxSWGVSvEOC2,69b0ce357d4709c2de1b703b,control,0,asst_first,ASST,ROLEPLY,1.0158854699396784,1.0158854699396784,1.1229499116041524,1.0658481694409667,0.9205607476635514,1.3846153846153846,1.3846153846153846,0.0,1.223148148148148,1.275925925925926,1.275925925925926,0.0,-1.1856508875739644,-1.2366863905325445,1.2366863905325445,0.0,-0.9734571129707112,-0.953713389121339,0.953713389121339,1.0,-1.0648496240601504,-1.1588345864661653,1.1588345864661653,0.0,-0.6011029411764706,-0.48897058823529405,0.48897058823529405,1.0,0.3333333333333333,0.5152653121099432,1.0844953186463642,1.0213746351700614,1.0431330352957415,0.0415865384615384,1.580769230769231,1.580769230769231,0.0,0.4277777777777777,1.1907407407407407,1.1907407407407407,0.0,-0.0257026627218934,-1.3431952662721893,1.3431952662721893,0.0,-1.0771484375,-0.4058577405857742,0.4058577405857742,1.0,-0.1945488721804511,-0.03448275862068961,0.03448275862068961,1.0,0.4577205882352941,-0.6102941176470589,0.6102941176470589,1.0,0.5
YpB2zoHObdbv8T8PokU35nOHUWi2,5591cd21fdf99b63126f6c60,multi_turn,2,roleply_first,ROLEPLY,ASST,0.8484051873789754,0.865191305487588,0.8702976425802793,0.8304492967600815,-0.35841346153846165,-0.45384615384615384,0.45384615384615384,1.0,1.2277777777777779,1.5629629629629629,1.5629629629629629,0.0,-0.8257026627218934,0.5247041420118342,0.5247041420118342,1.0,-1.0771484375,-0.6569037656903767,0.6569037656903767,1.0,-0.7945488721804511,1.0,1.0,0.0,0.4577205882352941,0.43455882352941166,0.43455882352941166,0.0,0.5,0.6603646239243861,0.8191233955094093,0.4224177797267095,0.36707255248898735,0.7205607476635515,0.10384615384615392,0.10384615384615392,1.0,-0.0768518518518519,-0.6481481481481481,0.6481481481481481,1.0,-0.1856508875739645,0.6272189349112426,0.6272189349112426,1.0,-0.9734571129707112,0.0,0.0,1.0,-0.8648496240601503,0.0,0.0,1.0,-0.6011029411764706,-0.4963235294117647,0.4963235294117647,1.0,1.0
avwCp1Wx0aMvroHhDotMR0ZQfe52,69c7ade94acd3f067e172288,single_turn,1,asst_first,ASST,ROLEPLY,0.7248112595359497,0.7695090673096948,0.8604311077334109,0.799942677345259,0.4205607476635514,0.8764423076923077,0.8764423076923077,0.0,1.0231481481481481,1.3703703703703702,1.3703703703703702,0.0,-0.1856508875739645,-0.47085798816568036,0.47085798816568036,0.0,-0.9734571129707112,-1.0281982421875,1.0281982421875,0.0,-0.7648496240601502,0.07586206896551728,0.07586206896551728,1.0,-0.6011029411764706,-0.7150735294117647,0.7150735294117647,1.0,0.3333333333333333,0.7043517563860919,0.5897085242726562,0.6776039213419881,0.6054028525599774,-0.45841346153846163,1.1,1.1,0.0,0.9277777777777777,0.8777777777777778,0.8777777777777778,0.0,-0.7257026627218933,-0.5514792899408284,0.5514792899408284,0.0,0.6228515625,0.023012552301255207,0.023012552301255207,1.0,0.5054511278195488,0.4379310344827587,0.4379310344827587,1.0,0.8577205882352941,-0.5272058823529412,0.5272058823529412,1.0,0.5
bRo90HfmM3hCd7ImO8fyB8SiyBl2,69c158f8756cd97d5fd5d6f1,single_turn,1,roleply_first,ROLEPLY,ASST,0.579449183056446,0.8220530665619631,0.7596058658692835,0.7507542120156948,-0.25841346153846156,0.6730769230769231,0.6730769230769231,0.0,0.9277777777777777,1.3074074074074074,1.3074074074074074,0.0,-0.42570266272189344,-0.98698224852071,0.98698224852071,0.0,-0.2771484375,-0.4627615062761507,0.4627615062761507,1.0,0.30545112781954886,-0.25172413793103454,0.25172413793103454,1.0,0.8577205882352941,-0.21911764705882364,0.21911764705882364,1.0,0.5,0.5870324098321387,0.6248575978518188,0.735077596030658,0.47211121873002715,0.6205607476635514,0.0903846153846154,0.0903846153846154,1.0,-0.2768518518518519,0.874074074074074,0.874074074074074,0.0,0.31434911242603547,0.009467455621301746,0.009467455621301746,1.0,-0.7734571129707113,-0.7211297071129709,0.7211297071129709,1.0,-0.8648496240601503,-1.268421052631579,1.268421052631579,0.0,-0.40110294117647066,-0.5838235294117647,0.5838235294117647,1.0,0.6666666666666666
cciF0Ig7sGNVrASjz0iErhZAIbb2,67f02740d233a50f479c4e20,single_turn,1,asst_first,ASST,ROLEPLY,0.4768968965603017,0.7329463436763741,0.7642576774610048,0.7080239582328438,0.7205607476635515,1.0894230769230768,1.0894230769230768,0.0,-0.0768518518518519,0.187037037037037,0.187037037037037,,-0.48565088757396446,-1.0057692307692307,1.0057692307692307,0.0,0.0265428870292887,-0.2692468619246862,0.2692468619246862,1.0,-0.6648496240601502,-1.0390977443609022,1.0390977443609022,0.0,-0.40110294117647066,-0.3448529411764706,0.3448529411764706,1.0,0.4,0.40776239502643563,0.8064753145076424,0.6164671249099024,0.7206675330438781,0.1415865384615384,0.6757009345794392,0.6757009345794392,1.0,0.7277777777777776,0.3212962962962962,0.3212962962962962,0.0,0.07429733727810661,-0.6197452229299363,0.6197452229299363,1.0,-0.4771484375,-0.246652719665272,0.246652719665272,1.0,-0.2945488721804511,-1.056156015037594,1.056156015037594,0.0,0.35772058823529407,-0.4,0.4,1.0,0.6666666666666666
dKjm3bK5hbSDSpqsT6Z1Efqx8cg2,69ac64972d9075c9d1d00989,multi_turn,2,roleply_first,ROLEPLY,ASST,0.8652958421330711,1.0114910475834265,1.1184181443080488,1.1198884054144849,0.9415865384615384,1.203846153846154,1.203846153846154,0.0,1.0277777777777777,1.2351851851851852,1.2351851851851852,0.0,0.6742973372781066,0.505621301775148,0.505621301775148,1.0,0.6228515625,0.8132714435146443,0.8132714435146443,0.0,0.6054511278195489,1.2155172413793103,1.2155172413793103,0.0,1.1577205882352941,1.4613970588235294,1.4613970588235294,0.0,0.16666666666666666,0.8581782035226405,0.8634335373553972,1.1295729270557735,1.0855698802028813,0.7205607476635515,-0.39807692307692316,0.39807692307692316,1.0,1.0231481481481481,0.7222222222222222,0.7222222222222222,,0.5143491124260354,-0.5,0.5,,0.8265428870292888,1.606694560669456,1.606694560669456,0.0,0.8351503759398498,1.6379310344827587,1.6379310344827587,0.0,1.0988970588235294,1.2088235294117649,1.2088235294117649,0.0,0.25
e3pLl4qASSO4pR61CcDe0HarJAj2,69c83878fe043b4d1b02c881,multi_turn,2,asst_first,ASST,ROLEPLY,0.4525810418511024,0.4708158591027308,0.6605083434176796,0.6406393176521588,-0.5794392523364486,0.4707943925233645,0.4707943925233645,1.0,0.6231481481481481,1.0296296296296297,1.0296296296296297,0.0,-0.5856508875739646,-0.7810650887573964,0.7810650887573964,0.0,0.3265428870292887,0.0151673640167364,0.0151673640167364,,0.2351503759398497,-0.4447368421052631,0.4447368421052631,0.0,-0.0011029411764706398,-0.7264705882352942,0.7264705882352942,1.0,0.4,0.48807627526457864,0.6437832674530887,0.7150039673716929,0.5849952418931287,-0.35841346153846165,0.9750000000000001,0.9750000000000001,0.0,0.4277777777777777,-0.35555555555555557,0.35555555555555557,1.0,-0.7257026627218933,-0.869896449704142,0.869896449704142,0.0,-0.0771484375,0.68565673828125,0.68565673828125,1.0,0.10545112781954888,-0.8142857142857143,0.8142857142857143,0.0,0.7577205882352941,0.31691176470588234,0.31691176470588234,1.0,0.5
e9y4GjoRwqXKM41wKDnciOxBID32,69aef22d0dcae965892e9da6,multi_turn,2,roleply_first,ROLEPLY,ASST,0.7099288018754344,0.5585441369317836,0.5979099187034584,0.5879803774225351,-0.25841346153846156,0.9730769230769231,0.9730769230769231,0.0,0.9277777777777777,0.7648148148148146,0.7648148148148146,0.0,-0.7257026627218933,-0.0591715976331361,0.0591715976331361,,-0.6771484375,0.5117154811715481,0.5117154811715481,0.0,-0.8945488721804511,0.21379310344827585,0.21379310344827585,1.0,0.5577205882352941,-0.5496323529411765,0.5496323529411765,1.0,0.4,0.6514142106644211,0.605976587538851,0.3355278798168589,0.36257936992373535,0.0415865384615384,0.6019230769230769,0.6019230769230769,0.0,0.9277777777777777,0.07777777777777767,0.07777777777777767,1.0,0.6742973372781066,0.3587278106508876,0.3587278106508876,1.0,-0.0771484375,-0.23974895397489543,0.23974895397489543,1.0,-1.094548872180451,0.09999999999999998,0.09999999999999998,1.0,0.1577205882352941,-0.33308823529411774,0.33308823529411774,1.0,0.8333333333333334
eRDnB1sxRTObgbjjrdGTz6ME5mb2,69ae40f1b37b0e141294f003,control,0,asst_first,ASST,ROLEPLY,0.5495809308706658,0.6689750467697905,0.9398188802091472,0.7550730951621285,0.12056074766355142,1.1057692307692308,1.1057692307692308,0.0,0.6231481481481481,-0.26296296296296306,0.26296296296296306,1.0,0.41434911242603545,-0.06538461538461543,0.06538461538461543,1.0,-0.5734571129707112,1.4280334728033472,1.4280334728033472,0.0,-0.8648496240601503,-0.5827586206896552,0.5827586206896552,1.0,-0.40110294117647066,-1.2745664739884393,1.2745664739884393,0.0,0.5,0.8636332672610018,0.81523265518614,0.7349905277358341,0.6719330207956623,-0.5584134615384616,-0.37692307692307686,0.37692307692307686,1.0,1.1277777777777778,0.9203703703703703,0.9203703703703703,0.0,0.7742973372781067,0.33786982248520714,0.33786982248520714,1.0,-0.4771484375,-0.006276150627615107,0.006276150627615107,1.0,-0.6945488721804511,-0.06551724137931036,0.06551724137931036,1.0,1.2577205882352942,-1.460693641618497,1.460693641618497,0.0,0.6666666666666666
emgZ7SVkmldT3bEXQX51cCb62F73,67155947b83a6aee15acbc0d,single_turn,1,roleply_first,ROLEPLY,ASST,0.3693236315611348,0.3961732894954087,0.22859133910980328,0.232015715445243,0.0415865384615384,0.000713641826923,0.000713641826923,,0.7277777777777776,0.3314814814814815,0.3314814814814815,,-0.0257026627218934,0.072189349112426,0.072189349112426,1.0,-0.2771484375,0.11882845188284519,0.11882845188284519,1.0,0.005451127819548901,0.3862068965517242,0.3862068965517242,1.0,0.4577205882352941,0.1875,0.1875,,1.0,0.24876002502295025,0.1253573093796331,0.3790488757412369,0.35418731443587265,0.22056074766355138,0.39423076923076916,0.39423076923076916,0.0,0.023148148148148084,0.6444444444444444,0.6444444444444444,,-0.3856508875739645,-0.2618343195266272,0.2618343195266272,,0.0265428870292887,-0.16982421875,0.16982421875,0.0,-0.3648496240601503,-0.4360902255639098,0.4360902255639098,,0.19889705882352937,0.06139705882352936,0.06139705882352936,1.0,0.3333333333333333
f18oSuRxkHe9Xugl0n5BL7ldZAd2,69a4ed9e81ed92904125f8b0,single_turn,1,asst_first,ASST,ROLEPLY,0.5885019322609983,0.7018540568009602,0.6407938641761104,0.5403746823601075,0.12056074766355142,1.1807692307692308,1.1807692307692308,0.0,-0.2768518518518519,0.24074074074074076,0.24074074074074076,1.0,-0.48565088757396446,-0.09856687898089178,0.09856687898089178,1.0,-0.9734571129707112,-0.9471757322175733,0.9471757322175733,1.0,-0.6648496240601502,0.0,0.0,1.0,-0.6011029411764706,-0.32352941176470584,0.32352941176470584,1.0,0.8333333333333334,0.14308304737679306,0.7027330327716366,0.4789644279996815,0.6279681026099939,-0.05841346153846161,0.2807692307692307,0.2807692307692307,,0.02777777777777768,0.6703703703703703,0.6703703703703703,0.0,-0.0257026627218934,-0.4819526627218935,0.4819526627218935,0.0,-0.2771484375,-0.5606694560669456,0.5606694560669456,1.0,-0.1945488721804511,-0.5491379310344827,0.5491379310344827,1.0,0.05772058823529408,0.005715762867647,0.005715762867647,,0.5
gKD6EwQUI0UmcKra6Qapln1icll2,5c9623dd35599200175642e4,control,0,asst_first,ASST,ROLEPLY,0.4449847419588493,0.6019872871946486,0.5957649906409751,0.3640034390941623,-0.0794392523364486,0.1442307692307692,0.1442307692307692,,-0.0768518518518519,0.11481481481481481,0.11481481481481481,1.0,0.01434911242603551,-0.2100591715976331,0.2100591715976331,,-0.7734571129707113,-1.04736328125,1.04736328125,0.0,-0.4648496240601503,-0.8437030075187969,0.8437030075187969,0.0,-0.6011029411764706,-0.49264705882352944,0.49264705882352944,1.0,0.5,0.4967535985305528,0.6249080433803256,0.6261411139316216,0.5718077234985274,0.0415865384615384,0.39693341121495335,0.39693341121495335,1.0,0.9277777777777777,0.7759259259259259,0.7759259259259259,0.0,-0.6257026627218933,-0.7840764331210193,0.7840764331210193,1.0,-0.0771484375,-0.1669921875,0.1669921875,,0.10545112781954888,-0.825187969924812,0.825187969924812,0.0,0.4577205882352941,-0.51875,0.51875,1.0,0.6
gScjWGgpeIMkBrjyF8TdrnP3unu1,6647ce8c4b8ee105144eb431,multi_turn,2,roleply_first,ROLEPLY,ASST,0.6162860562100739,0.9271617023652751,0.817762847394934,0.8152796709544171,0.4415865384615384,0.9980769230769231,0.9980769230769231,0.0,1.1277777777777778,0.9537037037037037,0.9537037037037037,0.0,-0.3257026627218934,0.44112426035502955,0.44112426035502955,1.0,-0.6771484375,-0.7050209205020921,0.7050209205020921,1.0,-0.1945488721804511,-0.7224137931034482,0.7224137931034482,1.0,0.4577205882352941,-0.9450827205882353,0.9450827205882353,1.0,0.6666666666666666,0.7974734102933443,0.6000674283284899,0.4910490101069055,0.4036748456490247,0.7205607476635515,0.9230769230769232,0.9230769230769232,,1.0231481481481481,0.5,0.5,,-0.0856508875739645,-0.013609467455621305,0.013609467455621305,1.0,-0.9734571129707112,-0.5648535564853556,0.5648535564853556,1.0,-1.0648496240601504,0.0,0.0,1.0,-0.40110294117647066,0.1595588235294117,0.1595588235294117,1.0,1.0
k9hZcIoMu1V8OVdGVHAP43KATDs1,66a595c0e6016ac7f76883d1,control,0,roleply_first,ROLEPLY,ASST,0.6560711720574894,0.8203087342496113,0.9172057098823039,0.8820808321895661,-0.05841346153846161,0.948076923076923,0.948076923076923,0.0,1.2277777777777779,1.6037037037037036,1.6037037037037036,0.0,0.4742973372781066,-0.9773089171974523,0.9773089171974523,1.0,-0.0771484375,-0.1943359375,0.1943359375,,-0.7945488721804511,-0.5132518796992481,0.5132518796992481,0.0,0.4577205882352941,-0.5661764705882353,0.5661764705882353,1.0,0.4,0.6274302617268873,0.7540797911038509,0.8959184817277076,0.8474858081157336,0.5205607476635514,0.7317307692307692,0.7317307692307692,0.0,-0.576851851851852,1.311111111111111,1.311111111111111,0.0,0.8143491124260355,-0.9375369822485207,0.9375369822485207,0.0,0.0265428870292887,-0.06689453125,0.06689453125,,0.5351503759398497,-1.1721804511278195,1.1721804511278195,0.0,0.8988970588235294,-0.5514705882352942,0.5514705882352942,1.0,0.2
kk4rHHNOfzXRmdtDlZHKh5B7Ra23,6941b02a8799492b8646e6a0,multi_turn,2,roleply_first,ROLEPLY,ASST,0.5072035047779035,0.913051568326615,0.8332757959535249,0.8878161279705951,0.6415865384615383,0.6942307692307692,0.6942307692307692,0.0,0.1277777777777777,0.8990740740740739,0.8990740740740739,0.0,-0.5257026627218934,-0.8164012738853504,0.8164012738853504,1.0,-0.8771484375,1.1269874476987447,1.1269874476987447,0.0,0.10545112781954888,0.0,0.0,1.0,-0.24227941176470585,0.9691176470588234,0.9691176470588234,0.0,0.3333333333333333,0.056355141478235025,0.6454754987285156,0.202952295228654,0.2366210939642583,-0.0794392523364486,-0.08461538461538465,0.08461538461538465,1.0,-0.0768518518518519,-0.059259259259259345,0.059259259259259345,1.0,0.01434911242603551,0.45887573964497036,0.45887573964497036,1.0,-0.07345711297071131,-0.030125523012552446,0.030125523012552446,1.0,0.03515037593984971,0.0,0.0,1.0,-0.0011029411764706398,-0.1580882352941177,0.1580882352941177,1.0,1.0
m85PV4jDPpOYbrGdzZyFHrtMq4S2,69c41d36fe2ddd48603fab13,multi_turn,2,asst_first,ASST,ROLEPLY,0.619151461018268,0.980415999058334,0.6867857861988559,0.7413948918680477,0.020560747663551412,-0.12692307692307692,0.12692307692307692,1.0,0.7231481481481481,1.4481481481481482,1.4481481481481482,0.0,-0.3856508875739645,0.6272189349112426,0.6272189349112426,1.0,-0.9734571129707112,-0.31380753138075324,0.31380753138075324,1.0,-0.5648496240601503,0.0,0.0,1.0,-0.6011029411764706,-0.47426470588235303,0.47426470588235303,1.0,0.8333333333333334,0.4051845377009656,0.564534706557319,0.5505590965363435,0.5230229358875955,-0.15841346153846161,-0.2942307692307693,0.2942307692307693,1.0,0.9277777777777777,-0.325925925925926,0.325925925925926,1.0,0.07429733727810661,-1.0362426035502958,1.0362426035502958,0.0,0.2228515625,0.2984588623046875,0.2984588623046875,1.0,0.2054511278195489,-0.6362781954887218,0.6362781954887218,0.0,-0.0422794117647059,-0.24117647058823533,0.24117647058823533,1.0,0.6666666666666666
n4fGM5wiuqMGCQgGFDVrCsNRUur2,5a6b7f02e6cc4a0001b6a591,control,0,asst_first,ASST,ROLEPLY,0.7029193573625276,0.6442541527069463,0.5856496972508842,0.5554006853371445,0.3205607476635514,0.6884615384615385,0.6884615384615385,0.0,0.8231481481481481,0.8666666666666667,0.8666666666666667,0.0,-0.8856508875739645,-0.7264792899408283,0.7264792899408283,0.0,-0.6734571129707112,-0.26401673640167367,0.26401673640167367,1.0,-0.7648496240601502,0.25172413793103443,0.25172413793103443,1.0,-0.6011029411764706,-0.4147058823529412,0.4147058823529412,1.0,0.5,0.4910602420650784,0.702661527143803,0.6761741315343459,0.635679364231028,-0.25841346153846156,0.6923076923076923,0.6923076923076923,0.0,0.02777777777777768,0.9666666666666666,0.9666666666666666,0.0,-0.9257026627218934,-0.9721153846153846,0.9721153846153846,0.0,0.12285156250000001,0.5221757322175732,0.5221757322175732,0.0,-0.6945488721804511,0.07586206896551728,0.07586206896551728,1.0,0.1577205882352941,-0.32573529411764707,0.32573529411764707,1.0,0.3333333333333333
nqPk9KH36QTV7M4aagDrb6oIAnf1,6730aad650ae4e293ee48c4e,control,0,asst_first,ASST,ROLEPLY,0.6648986322805471,0.8287249781063715,0.7404352677621248,0.7401912438329045,0.22056074766355138,0.4230769230769231,0.4230769230769231,1.0,1.223148148148148,1.2444444444444445,1.2444444444444445,0.0,-0.3856508875739645,0.6997041420118343,0.6997041420118343,1.0,-0.9734571129707112,-0.5313807531380754,0.5313807531380754,1.0,0.03515037593984971,-0.28620689655172415,0.28620689655172415,1.0,-0.10110294117647062,-0.84140625,0.84140625,1.0,0.8333333333333334,0.6485589911768612,0.8579416988349161,0.930392605298166,0.9672522578081933,0.7415865384615383,1.3711538461538462,1.3711538461538462,0.0,-0.17222222222222228,-0.7166666666666667,0.7166666666666667,1.0,-0.7257026627218933,-1.1538461538461537,1.1538461538461537,0.0,-1.0771484375,-0.6359832635983265,0.6359832635983265,1.0,0.5054511278195488,0.8078947368421053,0.8078947368421053,1.0,-0.0422794117647059,-0.6415441176470589,0.6415441176470589,1.0,0.6666666666666666
oCv5YYKfMKeRQKNSKOWvxzABgwP2,5ec1a2dcc4ceb15dfbf273dd,control,0,roleply_first,ROLEPLY,ASST,1.0560876591089925,0.8101869835196579,0.814226773038062,0.8334597855069816,-0.7584134615384617,0.7048677884615383,0.7048677884615383,0.0,1.2277777777777779,1.0425925925925925,1.0425925925925925,0.0,-0.8257026627218934,-0.4442307692307692,0.4442307692307692,0.0,-1.0771484375,0.7342573221757321,0.7342573221757321,0.0,-1.1945488721804511,-1.0789473684210527,1.0789473684210527,0.0,1.1577205882352941,-0.702389705882353,0.702389705882353,1.0,0.16666666666666666,1.0032374909996737,0.7751625614200797,0.9919165600812844,0.8615993862008282,0.9205607476635514,1.0365384615384616,1.0365384615384616,0.0,1.223148148148148,1.511111111111111,1.511111111111111,0.0,-1.1856508875739644,-0.6644970414201183,0.6644970414201183,0.0,1.0265428870292888,-0.36066945606694567,0.36066945606694567,1.0,0.9351503759398497,-1.062593984962406,1.062593984962406,0.0,-0.6011029411764706,-0.9191176470588236,0.9191176470588236,1.0,0.3333333333333333
ok0jgidDlwfiMQ8XqepaUitkwj72,69aa1ad3a7f28cc9bea82e0b,control,0,roleply_first,ROLEPLY,ASST,0.45875340741103066,0.47694049435402164,0.5379679926303355,0.497386272855146,-0.25841346153846156,0.1923076923076923,0.1923076923076923,1.0,0.9277777777777777,0.6944444444444444,0.6944444444444444,0.0,0.4742973372781066,0.40177514792899405,0.40177514792899405,1.0,-0.0771484375,0.2782426778242677,0.2782426778242677,,-0.1945488721804511,0.24870689655172412,0.24870689655172412,0.0,0.2577205882352941,0.9573529411764705,0.9573529411764705,0.0,0.4,0.3400802935378716,0.5692329187145067,0.6206790142803964,0.7759712080148141,0.3205607476635514,0.1067307692307692,0.1067307692307692,,0.4231481481481481,1.1037037037037036,1.1037037037037036,0.0,-0.1856508875739645,-0.6309171597633136,0.6309171597633136,0.0,0.0265428870292887,-0.4514644351464436,0.4514644351464436,1.0,0.13515037593984972,0.027819548872180522,0.027819548872180522,1.0,0.5988970588235294,0.692279411764706,0.692279411764706,0.0,0.4
pA4DGTfcprP5gxk0WwZSnYfOhO42,5ea9b1e1d3196e0ec4812709,control,0,roleply_first,ROLEPLY,ASST,0.5255870294719557,0.6962720275871376,0.6003993298893762,0.5290156019815098,0.2415865384615384,0.30268930288461526,0.30268930288461526,0.0,0.8277777777777777,0.7740740740740739,0.7740740740740739,0.0,-0.6257026627218933,-0.4024681528662421,0.4024681528662421,1.0,0.12285156250000001,-0.89033203125,0.89033203125,0.0,-0.6945488721804511,-0.6606203007518797,0.6606203007518797,0.0,0.1577205882352941,-0.28455882352941175,0.28455882352941175,1.0,0.3333333333333333,0.4137665972824014,0.528052706216986,0.6705537115480416,0.6379454656351485,0.020560747663551412,0.8999999999999999,0.8999999999999999,0.0,0.5231481481481481,0.7532407407407407,0.7532407407407407,0.0,0.21434911242603552,0.11745562130177523,0.11745562130177523,1.0,-0.7734571129707113,-0.30627615062761515,0.30627615062761515,1.0,0.13515037593984972,1.1,1.1,0.0,-0.3011029411764706,-0.053676470588235325,0.053676470588235325,1.0,0.5
pxj2fY3ZVIUjIeDjokZgMVC89Nu2,6715b46f9f59f9e05837029a,single_turn,1,asst_first,ASST,ROLEPLY,0.5219778804821272,0.7258148159964213,0.7965302522448522,0.7670301547253388,0.22056074766355138,1.1701923076923078,1.1701923076923078,0.0,-0.17685185185185193,1.4296296296296296,1.4296296296296296,0.0,0.6143491124260355,0.19970414201183428,0.19970414201183428,1.0,-0.9734571129707112,-0.15188284518828454,0.15188284518828454,1.0,0.43515037593984973,-0.17931034482758623,0.17931034482758623,1.0,-0.2011029411764706,-0.5463235294117648,0.5463235294117648,1.0,0.6666666666666666,0.9821002917990962,0.6532357290325088,0.6191063837642596,0.5605439072671419,-0.7584134615384617,0.167873831775701,0.167873831775701,1.0,1.1277777777777778,0.42592592592592593,0.42592592592592593,1.0,-0.8257026627218934,-0.0717455621301775,0.0717455621301775,,-0.5771484375,0.22041015625,0.22041015625,1.0,-0.8945488721804511,-1.231203007518797,1.231203007518797,0.0,1.4577205882352942,0.7215073529411765,0.7215073529411765,0.0,0.6
rgHdEJMc1kOT8aUBfcV36Xfz0wp2,675bb88bd8b8f63130d653ca,multi_turn,2,roleply_first,ROLEPLY,ASST,0.8316591759486281,0.8495321417990137,0.9385303175667775,0.9216793706856786,0.7415865384615383,1.5461538461538462,1.5461538461538462,0.0,1.0277777777777777,1.2333333333333334,1.2333333333333334,0.0,-1.0257026627218935,-0.8085798816568046,0.8085798816568046,0.0,-0.0771484375,0.6192468619246861,0.6192468619246861,,-1.1945488721804511,0.19999999999999996,0.19999999999999996,1.0,-0.24227941176470585,-0.5441176470588236,0.5441176470588236,1.0,0.4,0.7386371509951604,0.8312282939982976,0.6980767679779031,0.5336285679349141,-0.9794392523364486,-0.5634615384615385,0.5634615384615385,1.0,-0.576851851851852,-0.29814814814814816,0.29814814814814816,1.0,0.01434911242603551,0.7736686390532546,0.7736686390532546,1.0,-0.9734571129707112,-0.854602510460251,0.854602510460251,1.0,0.9351503759398497,-1.0883458646616542,1.0883458646616542,0.0,0.3988970588235294,0.0638786764705882,0.0638786764705882,,0.8
sFO3LLz0bCN9Bhgd25qSuYmdk8H3,671498899f67df85f33ea053,control,0,asst_first,ASST,ROLEPLY,0.6006190932943706,0.6084545169481987,0.6399432323116855,0.5216760663356619,0.5205607476635514,1.5,1.5,0.0,0.7231481481481481,-0.39814814814814814,0.39814814814814814,1.0,0.21434911242603552,0.003550295857988217,0.003550295857988217,1.0,-0.9734571129707112,-0.09205020920502105,0.09205020920502105,1.0,-0.4648496240601503,0.19999999999999996,0.19999999999999996,1.0,-0.40110294117647066,0.012499999999999956,0.012499999999999956,1.0,0.8333333333333334,0.7771313280867159,0.9254055434267011,0.7537466056355436,0.8254074012879034,-0.45841346153846163,0.8288461538461539,0.8288461538461539,0.0,1.2277777777777779,1.1009259259259259,1.1009259259259259,0.0,-0.8257026627218934,-1.063905325443787,1.063905325443787,0.0,-0.0771484375,-0.33891213389121344,0.33891213389121344,1.0,-1.094548872180451,-0.503448275862069,0.503448275862069,1.0,-0.14227941176470588,0.09779411764705881,0.09779411764705881,1.0,0.5
syEwdUE0RdeqzQ9m09ViQyZtfij2,6705a08c56fb496777c48189,control,0,roleply_first,ROLEPLY,ASST,0.4304570682081381,0.627659892538659,0.7748673136244342,0.6859643231596441,0.5415865384615384,1.0499999999999998,1.0499999999999998,0.0,0.6277777777777778,1.3592592592592592,1.3592592592592592,0.0,0.17429733727810662,0.345414201183432,0.345414201183432,1.0,-0.3771484375,0.0431485355648535,0.0431485355648535,,0.2054511278195489,-0.6609022556390978,0.6609022556390978,0.0,0.4577205882352941,0.30735294117647055,0.30735294117647055,1.0,0.4,0.3115623872169669,0.23569336393151613,0.6200279528046122,0.5444181219185596,0.3205607476635514,1.0423076923076922,1.0423076923076922,0.0,0.4231481481481481,0.4925925925925926,0.4925925925925926,,-0.1856508875739645,-0.0514792899408284,0.0514792899408284,1.0,0.1265428870292887,0.5192468619246862,0.5192468619246862,1.0,0.03515037593984971,0.8,0.8,1.0,0.4988970588235294,0.255514705882353,0.255514705882353,,0.75
vRnt5IXeDeZshSuiWHauHVmaeCr1,652408b110c19343a504c45a,multi_turn,2,roleply_first,ROLEPLY,ASST,0.7077452347954419,0.6604754636184359,0.7121260044400907,0.6669419153147045,-0.7794392523364485,-0.49423076923076925,0.49423076923076925,1.0,0.923148148148148,-0.47314814814814815,0.47314814814814815,1.0,0.5143491124260354,-0.7140532544378697,0.7140532544378697,0.0,-0.6734571129707112,0.0742677824267782,0.0742677824267782,,0.43515037593984973,1.1620689655172414,1.1620689655172414,0.0,0.7988970588235293,0.8419117647058822,0.8419117647058822,0.0,0.4,0.5569751588949617,0.47777331489071395,0.6115236850348181,0.6215707465568232,0.6205607476635514,1.0201923076923078,1.0201923076923078,0.0,0.7231481481481481,-0.41296296296296303,0.41296296296296303,1.0,-0.6856508875739645,-0.4023668639053255,0.4023668639053255,,0.0265428870292887,0.5209205020920501,0.5209205020920501,,-0.6648496240601502,0.3310344827586208,0.3310344827586208,1.0,-0.2011029411764706,-0.6997109826589595,0.6997109826589595,0.0,0.5
veaw6PA2ygb4kpjqdJYJ1GWvYnr1,662aa1095c1c5061a0121a13,single_turn,1,roleply_first,ROLEPLY,ASST,0.5138655840912013,0.3456857194627066,0.28705143002178785,0.32163860797283633,0.1415865384615384,0.43528037383177565,0.43528037383177565,1.0,0.7277777777777776,-0.01666666666666672,0.01666666666666672,1.0,0.4742973372781066,0.3561305732484076,0.3561305732484076,0.0,-0.3771484375,-0.341748046875,0.341748046875,0.0,0.30545112781954886,0.24572368421052637,0.24572368421052637,1.0,0.7577205882352941,0.025367647058823495,0.025367647058823495,1.0,0.6666666666666666,0.5478412757890393,0.7130354386758094,0.6510003490016019,0.7637281479675311,-0.5794392523364486,-0.6927884615384616,0.6927884615384616,1.0,0.6231481481481481,0.7629629629629628,0.7629629629629628,0.0,-0.2856508875739645,-0.865680473372781,0.865680473372781,0.0,-0.2734571129707113,0.18095703125,0.18095703125,1.0,0.33515037593984975,0.1270676691729323,0.1270676691729323,1.0,0.8988970588235294,0.8261029411764705,0.8261029411764705,0.0,0.5
wSubceBUV4Rxlm92G6JelTgl4ZG2,67ac5f2b94b08886739a0003,control,0,asst_first,ASST,ROLEPLY,0.8093700321235359,0.997079865632018,0.9724469162077963,0.9217404115975331,0.7205607476635515,1.125,1.125,0.0,-0.6768518518518519,1.2685185185185186,1.2685185185185186,0.0,0.7143491124260355,-1.117455621301775,1.117455621301775,0.0,-0.9734571129707112,-0.5711297071129708,0.5711297071129708,1.0,-1.0648496240601504,-0.7379310344827585,0.7379310344827585,1.0,-0.6011029411764706,-0.8244485294117648,0.8244485294117648,1.0,0.5,1.0836113868423325,1.1739383281850515,1.1561919701227972,1.0463447718166257,-0.8584134615384617,-1.09696261682243,1.09696261682243,0.0,1.2277777777777779,1.5555555555555556,1.5555555555555556,0.0,-0.7257026627218933,0.8812101910828025,0.8812101910828025,0.0,-1.0771484375,-0.7029288702928871,0.7029288702928871,1.0,-0.9945488721804512,-0.4379310344827586,0.4379310344827586,1.0,1.4577205882352942,1.7132352941176472,1.7132352941176472,0.0,0.3333333333333333
x1Rjq8zHRWXd8WXYxyKTmuZyBpd2,69c5bfc9e590faa14fcc0449,multi_turn,2,roleply_first,ROLEPLY,ASST,0.6193462013579297,0.5705398752965415,0.5137220627273492,0.49409034294564796,0.6415865384615383,0.6197115384615384,0.6197115384615384,0.0,0.8277777777777777,-0.10925925925925928,0.10925925925925928,1.0,-0.5257026627218934,0.7792197452229299,0.7792197452229299,0.0,-0.3771484375,-0.4225941422594143,0.4225941422594143,1.0,-0.5945488721804512,0.6241379310344828,0.6241379310344828,,0.6577205882352941,-0.11029411764705882,0.11029411764705882,1.0,0.6,0.5425323295409691,0.6321415737216881,0.7719174144595052,0.694564510297091,-0.0794392523364486,-0.9600467289719626,0.9600467289719626,0.0,-0.17685185185185193,-0.6707831325301203,0.6707831325301203,0.0,0.6143491124260355,0.8770700636942674,0.8770700636942674,0.0,-0.9734571129707112,-1.0186767578125,1.0186767578125,0.0,0.6351503759398497,0.1767241379310345,0.1767241379310345,,-0.0011029411764706398,0.6044117647058823,0.6044117647058823,0.0,0.0
yLtgpevAkZVzoUVf4bqD1jp6cOv2,6932b4d6193229c056a3b2ea,control,0,asst_first,ASST,ROLEPLY,0.6678469158407652,0.6644969238136336,0.9089595206527893,0.8202891989399026,-0.2794392523364486,0.7961538461538461,0.7961538461538461,0.0,0.12314814814814809,-0.3777777777777779,0.3777777777777779,1.0,-0.5856508875739646,-0.1662721893491124,0.1662721893491124,1.0,-0.9734571129707112,-0.41004184100418417,0.41004184100418417,1.0,-0.9648496240601503,1.9517241379310344,1.9517241379310344,0.0,-0.6011029411764706,-0.4191176470588236,0.4191176470588236,1.0,0.6666666666666666,0.7100227450619375,0.8360231269783284,1.121168852167282,1.0306898383382899,0.4415865384615384,1.4384615384615385,1.4384615384615385,0.0,1.2277777777777779,1.3555555555555556,1.3555555555555556,0.0,-1.0257026627218935,-1.1412721893491125,1.1412721893491125,0.0,0.2228515625,0.4811715481171547,0.4811715481171547,,0.10545112781954888,1.4241379310344828,1.4241379310344828,0.0,0.4577205882352941,-0.2705882352941177,0.2705882352941177,1.0,0.2
yk8Efj1JYWOP9os7ArRUZx29oqf2,67e97d506e0dfa7ff0b407c5,multi_turn,2,roleply_first,ROLEPLY,ASST,0.8528603005361981,0.8401471625439761,1.0001485027410058,0.893627002547542,1.0415865384615384,1.3038461538461539,1.3038461538461539,0.0,-0.5722222222222223,-0.6777777777777778,0.6777777777777778,1.0,-1.0257026627218935,-1.4437869822485208,1.4437869822485208,0.0,0.4228515625,0.8690376569037657,0.8690376569037657,0.0,-1.1945488721804511,-0.21034482758620687,0.21034482758620687,1.0,-0.5422794117647058,-0.9789751838235295,0.9789751838235295,1.0,0.5,0.8193408533543365,0.7285964337578336,0.8906394568669532,0.7631258433153412,-0.6794392523364485,0.6961538461538461,0.6961538461538461,0.0,-0.7768518518518519,-0.062962962962963,0.062962962962963,1.0,-0.8856508875739645,-1.4644970414201184,1.4644970414201184,0.0,0.8265428870292888,0.7811715481171546,0.7811715481171546,0.0,-1.0648496240601504,-1.1278195488721803,1.1278195488721803,0.0,-0.6011029411764706,-0.4938419117647059,0.4938419117647059,1.0,0.3333333333333333
ysD5FmJSJIQLdFrjHAnWRxRxkGo2,699fcf6ce8e60730dbfc92ac,multi_turn,2,roleply_first,ROLEPLY,ASST,0.579724451657336,1.026917081867848,0.9038867870430313,0.9324874359069233,0.4415865384615384,1.0894230769230768,1.0894230769230768,0.0,0.8277777777777777,1.2925925925925927,1.2925925925925927,0.0,-0.6257026627218933,-1.099112426035503,1.099112426035503,0.0,0.6228515625,-0.5083682008368202,0.5083682008368202,1.0,-0.5945488721804512,-0.30000000000000004,0.30000000000000004,1.0,0.05772058823529408,-0.6985294117647058,0.6985294117647058,1.0,0.5,0.7250680243390084,0.8217805390861287,0.6279166571266162,0.7877133708788511,-1.0794392523364487,-0.7778846153846154,0.7778846153846154,1.0,-0.7768518518518519,-0.15185185185185202,0.15185185185185202,1.0,0.8143491124260355,0.7810650887573964,0.7810650887573964,1.0,-0.2734571129707113,0.62724609375,0.62724609375,1.0,0.5351503759398497,0.8430451127819549,0.8430451127819549,1.0,-0.6011029411764706,0.1526011560693642,0.1526011560693642,1.0,1.0
zHX0ButjS3QfwkEDqkCLBjBCrwB2,65c25e3de8b230c294f2b32c,multi_turn,2,roleply_first,ROLEPLY,ASST,0.4464670217661169,0.6356060436283631,0.5844601872098161,0.6210220731748967,0.0415865384615384,-0.5777644230769231,0.5777644230769231,1.0,0.02777777777777768,1.1037037037037036,1.1037037037037036,0.0,-0.7257026627218933,-0.6699442675159235,0.6699442675159235,1.0,-0.0771484375,-0.06796875,0.06796875,1.0,-0.2945488721804511,0.1905075187969925,0.1905075187969925,1.0,0.7577205882352941,0.0886029411764705,0.0886029411764705,1.0,0.8333333333333334,0.565239875655096,0.572546679115548,0.17536546320069105,0.2738466935124652,0.3205607476635514,0.22307692307692306,0.22307692307692306,1.0,-0.0768518518518519,-0.025925925925925908,0.025925925925925908,1.0,-0.9856508875739646,-0.2825443786982248,0.2825443786982248,,0.0265428870292887,-0.17907949790794986,0.17907949790794986,1.0,-0.7648496240601502,-0.07241379310344831,0.07241379310344831,1.0,-0.5011029411764707,-0.1301470588235294,0.1301470588235294,1.0,1.0
zXSkAVQpsOXV0mlHaPs5cGyAGKr2,5e169be613ec50c5903e0978,single_turn,1,asst_first,ASST,ROLEPLY,0.6495233365844766,0.6677850155524622,0.7575699710789933,0.6844069868291368,0.5205607476635514,0.2067307692307692,0.2067307692307692,,0.4231481481481481,0.9703703703703703,0.9703703703703703,0.0,-0.9856508875739646,-1.2727810650887574,1.2727810650887574,0.0,-0.9734571129707112,-0.6422594142259415,0.6422594142259415,1.0,0.03515037593984971,0.3568965517241379,0.3568965517241379,0.0,-0.40110294117647066,-0.5470588235294118,0.5470588235294118,1.0,0.4,0.19351578713125744,0.5646325853129115,0.4599602501931689,0.44231008891328727,-0.35841346153846165,0.2730769230769231,0.2730769230769231,,-0.0722222222222223,0.7537037037037038,0.7537037037037038,0.0,0.17429733727810662,0.33964497041420116,0.33964497041420116,1.0,0.12285156250000001,0.2573221757322175,0.2573221757322175,1.0,0.2054511278195489,-0.5334586466165413,0.5334586466165413,0.0,0.05772058823529408,0.4007352941176471,0.4007352941176471,,0.5
zlltNEhmlGQTU5E4uXrGryUAAAq2,69829bc1224b28f0538900d5,multi_turn,2,asst_first,ASST,ROLEPLY,0.5053915484624144,0.602817830845292,0.5677308872782202,0.5901221699932228,-0.3794392523364486,0.6634615384615385,0.6634615384615385,0.0,0.6231481481481481,0.8796296296296295,0.8796296296296295,0.0,0.21434911242603552,0.5668639053254437,0.5668639053254437,1.0,-0.5734571129707112,-0.5552301255230127,0.5552301255230127,1.0,-0.7648496240601502,0.30000000000000004,0.30000000000000004,1.0,-0.2011029411764706,-0.019117647058823573,0.019117647058823573,1.0,0.6666666666666666,0.6825810902038129,0.5980234210130959,0.6708404540417454,0.5151331682338126,-0.8584134615384617,-0.45023364485981304,0.45023364485981304,0.0,0.2277777777777777,0.5925925925925926,0.5925925925925926,0.0,-0.42570266272189344,0.7757961783439491,0.7757961783439491,0.0,-0.6771484375,-0.77734375,0.77734375,0.0,-0.7945488721804511,-0.7780075187969924,0.7780075187969924,0.0,0.8577205882352941,-0.5786764705882352,0.5786764705882352,1.0,0.16666666666666666
1ISuD6KHoYWsVmCPRmOcCIXklQH3,63eb83eb704995bd961925ed,control,0,asst_first,ASST,ROLEPLY,0.6290856725885219,0.5135400206934153,0.5875915328763688,0.49124801474514607,-0.5794392523364486,1.0038461538461538,1.0038461538461538,0.0,0.7231481481481481,0.7629629629629628,0.7629629629629628,0.0,0.41434911242603545,-0.35732248520710047,0.35732248520710047,0.0,-0.7734571129707113,-0.4612970711297072,0.4612970711297072,1.0,-0.7648496240601502,0.30000000000000004,0.30000000000000004,1.0,-0.40110294117647066,-0.2264705882352942,0.2264705882352942,1.0,0.5,0.49832006560421105,0.6645864564641443,0.8270350857226773,0.5961167614614201,0.2415865384615384,0.7144230769230769,0.7144230769230769,0.0,0.8277777777777777,1.1333333333333333,1.1333333333333333,0.0,-0.6257026627218933,-0.036942675159235716,0.036942675159235716,1.0,-0.0771484375,-0.869140625,0.869140625,0.0,-0.1945488721804511,-0.5400375939849624,0.5400375939849624,0.0,0.5577205882352941,1.1227941176470588,1.1227941176470588,0.0,0.16666666666666666
1UZtRB6gefe7gqruXngP3EcNCMj1,674f6aa6d413bee52cbcd5b7,multi_turn,2,asst_first,ASST,ROLEPLY,0.2458742644804904,0.36354372703811116,0.6749177593141422,0.45016475676395873,0.3205607476635514,1.026923076923077,1.026923076923077,0.0,0.12314814814814809,0.7851851851851852,0.7851851851851852,0.0,-0.2856508875739645,-0.6313609467455621,0.6313609467455621,0.0,-0.1734571129707113,0.5577405857740585,0.5577405857740585,1.0,-0.3648496240601503,0.5,0.5,1.0,-0.0011029411764706398,0.31985294117647056,0.31985294117647056,1.0,0.5,0.4996343206717497,0.5085188236709314,0.7580382485015147,0.629618330714905,-0.5584134615384616,0.6653846153846154,0.6653846153846154,0.0,0.7277777777777776,1.0629629629629629,1.0629629629629629,0.0,-0.42570266272189344,-0.45325443786982245,0.45325443786982245,0.0,-0.1771484375,0.6857740585774058,0.6857740585774058,0.0,0.10545112781954888,0.6,0.6,1.0,0.6577205882352941,0.9161764705882353,0.9161764705882353,0.0,0.16666666666666666
1t5SiWssM4RSYGonTrfd2od6dLG2,6102d892986a0f83785e2470,multi_turn,2,roleply_first,ROLEPLY,ASST,0.7760683235831357,0.9141490092064108,0.9419916011415591,0.8711448382529005,0.2415865384615384,0.6248798076923076,0.6248798076923076,0.0,1.0277777777777777,0.8782407407407408,0.8782407407407408,0.0,-0.8257026627218934,-0.9702662721893491,0.9702662721893491,0.0,-0.8771484375,-1.269140625,1.269140625,0.0,-0.9945488721804512,-1.1383458646616542,1.1383458646616542,0.0,-0.24227941176470585,-0.5606617647058825,0.5606617647058825,1.0,0.16666666666666666,0.7065804949644956,0.7576451751358172,0.8583872639665652,0.7736166481641423,0.3205607476635514,0.6100961538461538,0.6100961538461538,0.0,0.8231481481481481,1.0925925925925926,1.0925925925925926,0.0,-0.5856508875739646,-0.6116863905325443,0.6116863905325443,0.0,-0.8734571129707113,-0.9361328125,0.9361328125,0.0,-0.8648496240601503,-1.2533834586466166,1.2533834586466166,0.0,-0.6011029411764706,-0.18308823529411766,0.18308823529411766,1.0,0.16666666666666666
2GIDN6UCUXV5fD4uNkex39795nU2,5d6b596f76cca6000166d81d,control,0,asst_first,ASST,ROLEPLY,0.7017239339306907,0.7689495794789021,0.7319242521268244,0.7785088869325744,0.7205607476635515,1.2057692307692307,1.2057692307692307,0.0,1.0231481481481481,1.0555555555555556,1.0555555555555556,0.0,0.31434911242603547,-0.5736686390532544,0.5736686390532544,0.0,-0.6734571129707112,-0.12259414225941423,0.12259414225941423,1.0,-0.7648496240601502,0.09999999999999998,0.09999999999999998,1.0,-0.5011029411764707,-0.5404411764705883,0.5404411764705883,1.0,0.5,0.7425475544382059,0.7776071197452064,0.8005575126151561,0.6676209422157229,-0.6584134615384616,1.3,1.3,0.0,0.5277777777777777,0.5777777777777777,0.5777777777777777,0.0,-0.8257026627218934,-1.340828402366864,1.340828402366864,0.0,-0.3771484375,0.0828451882845187,0.0828451882845187,1.0,-1.094548872180451,0.09999999999999998,0.09999999999999998,1.0,0.7577205882352941,-0.0827205882352941,0.0827205882352941,1.0,0.5
35yycc5G3QbI40zz9prNFmPtjuE3,69a87cb20e8503ae8c6d6cc9,control,0,asst_first,ASST,ROLEPLY,0.5852065535040195,0.5852335780474086,0.8499615815783479,0.6924973634531892,0.4205607476635514,0.95,0.95,0.0,0.923148148148148,1.6777777777777776,1.6777777777777776,0.0,0.21434911242603552,0.3559171597633136,0.3559171597633136,1.0,0.8265428870292888,-0.02175732217573234,0.02175732217573234,1.0,0.5351503759398497,0.7,0.7,1.0,-0.10110294117647062,0.004411764705882337,0.004411764705882337,1.0,0.6666666666666666,0.6927335693531007,0.6369620724443814,0.755242679760575,0.6156080896613869,0.6415865384615383,1.0923076923076922,1.0923076923076922,0.0,0.9277777777777777,0.998148148148148,0.998148148148148,0.0,0.17429733727810662,-0.3615384615384615,0.3615384615384615,1.0,0.3228515625,0.35355648535564843,0.35355648535564843,1.0,-0.5945488721804512,0.6,0.6,1.0,1.057720588235294,-0.7856213872832369,0.7856213872832369,0.0,0.5
3YITW9XSu5Y07UECX8RA9FjfrKk1,69c1db2603f6a9075944b1fd,control,0,asst_first,ASST,ROLEPLY,0.3031135205691951,0.3189939514019272,0.33225297630042755,0.4799637078573179,0.12056074766355142,0.1567307692307692,0.1567307692307692,,0.4231481481481481,0.16296296296296298,0.16296296296296298,1.0,-0.5856508875739646,-0.672189349112426,0.672189349112426,0.0,0.0265428870292887,0.0726987447698744,0.0726987447698744,,-0.0648496240601503,-0.23759398496240602,0.23759398496240602,0.0,0.0988970588235294,0.3125,0.3125,,0.3333333333333333,0.33653212382695763,0.33031897582722347,0.4501155048141915,0.3527497726014622,0.0415865384615384,0.1288461538461538,0.1288461538461538,,0.6277777777777778,0.5685185185185185,0.5685185185185185,0.0,0.17429733727810662,0.0437869822485208,0.0437869822485208,1.0,-0.0771484375,0.1945606694560669,0.1945606694560669,,-0.1945488721804511,0.8586206896551724,0.8586206896551724,,0.4577205882352941,0.3143382352941176,0.3143382352941176,,0.5
4W556A0npjZkZjSRhHkR1AWQukv1,5dd32432e0b21b3472c20ebe,single_turn,1,asst_first,ASST,ROLEPLY,0.6371301616637899,0.6069063259351212,0.5117532312801821,0.48977322024122444,-0.0794392523364486,0.1894230769230769,0.1894230769230769,,0.12314814814814809,-0.3370370370370371,0.3370370370370371,1.0,0.8143491124260355,0.6553254437869823,0.6553254437869823,1.0,-0.9734571129707112,-0.4058577405857742,0.4058577405857742,1.0,-0.6648496240601502,-0.1569548872180451,0.1569548872180451,,-0.6011029411764706,-0.896139705882353,0.896139705882353,1.0,1.0,0.5831372849624904,0.7365029339202881,0.4410000237111185,0.5952272561338767,-0.35841346153846165,-0.7062426985981307,0.7062426985981307,0.0,0.6277777777777778,0.548148148148148,0.548148148148148,0.0,-0.0257026627218934,0.4840236686390532,0.4840236686390532,1.0,-1.0771484375,-0.29205020920502095,0.29205020920502095,1.0,-0.5945488721804512,0.020689655172413834,0.020689655172413834,1.0,0.05772058823529408,0.2182674632352941,0.2182674632352941,0.0,0.5
4XEXxiWDp7a1KtXAPt7Wtj6YZ7M2,69bc0ba177847fde0a18ec3d,multi_turn,2,roleply_first,ROLEPLY,ASST,0.44714355029324415,0.4610953831330538,0.7037931724872363,0.4622665234152096,-0.35841346153846165,0.6807692307692308,0.6807692307692308,1.0,0.4277777777777777,0.3018518518518518,0.3018518518518518,1.0,0.27429733727810657,-0.6165680473372781,0.6165680473372781,0.0,-0.4771484375,0.4740585774058577,0.4740585774058577,0.0,0.10545112781954888,0.7,0.7,1.0,0.7577205882352941,1.15,1.15,0.0,0.5,0.2428711242850053,0.3022063686887667,0.6599348530180075,0.4712916837372928,0.12056074766355142,0.9615384615384615,0.9615384615384615,0.0,-0.2768518518518519,0.611111111111111,0.611111111111111,0.0,0.21434911242603552,-0.7562130177514794,0.7562130177514794,0.0,0.0265428870292887,0.5824267782426777,0.5824267782426777,1.0,-0.4648496240601503,0.6,0.6,1.0,-0.0011029411764706398,-0.20974264705882353,0.20974264705882353,1.0,0.5
4jOD5yPWZ7ToD9BKZ0pHPYJK9yB2,675a2ef45fbe0cc52b8403ae,single_turn,1,roleply_first,ROLEPLY,ASST,0.7651906572087397,0.9486729587888477,0.9288223181305092,0.9225185694117751,0.6415865384615383,0.3623247663551402,0.3623247663551402,1.0,1.0277777777777777,0.6461596385542169,0.6461596385542169,1.0,0.3742973372781066,1.0226114649681528,1.0226114649681528,0.0,0.7228515625,0.68125,0.68125,1.0,0.2054511278195489,0.46917293233082713,0.46917293233082713,1.0,1.1577205882352941,1.7022058823529411,1.7022058823529411,0.0,0.6666666666666666,0.793272952616373,0.6993829813147756,1.1490578960157154,0.8867198044014913,0.4205607476635514,1.1923076923076923,1.1923076923076923,0.0,0.8231481481481481,0.9351851851851851,0.9351851851851851,0.0,0.5143491124260354,0.31775147928994085,0.31775147928994085,1.0,0.8265428870292888,1.4493723849372384,1.4493723849372384,0.0,0.5351503759398497,1.7,1.7,0.0,1.2988970588235293,0.7308823529411764,0.7308823529411764,0.0,0.16666666666666666
57dWdKdfRcarCoxYhzkgsLigHru1,69afa206452d78f24519cfb6,single_turn,1,asst_first,ASST,ROLEPLY,0.8301880359699454,0.9426079839854934,1.152940602938607,1.0771078254284898,0.9205607476635514,1.2346153846153847,1.2346153846153847,0.0,1.223148148148148,1.4074074074074074,1.4074074074074074,0.0,0.21434911242603552,-1.4,1.4,0.0,-0.6734571129707112,-0.4983263598326361,0.4983263598326361,1.0,-0.9648496240601503,-1.1268796992481203,1.1268796992481203,0.0,-0.6011029411764706,-0.9961799172794118,0.9961799172794118,1.0,0.3333333333333333,0.9444314281190354,0.6504416691584723,0.46204514307229055,0.6023996262562217,0.8415865384615384,-0.4346153846153846,0.4346153846153846,1.0,1.2277777777777779,-0.040740740740740744,0.040740740740740744,1.0,-0.6257026627218933,0.5967455621301776,0.5967455621301776,1.0,-0.7771484375,0.2845188284518828,0.2845188284518828,,-0.8945488721804511,0.3439655172413793,0.3439655172413793,0.0,1.1577205882352941,0.7314338235294117,0.7314338235294117,0.0,0.6
5HLteJPwzjPKBhfARjNdkXSrelj2,617452347986aeaf4d2e5278,single_turn,1,asst_first,ASST,ROLEPLY,0.4622259016759988,0.6154485069841422,0.5693039206758098,0.6196538090453994,0.4205607476635514,0.4420673076923076,0.4420673076923076,0.0,0.8231481481481481,1.0222222222222221,1.0222222222222221,0.0,0.21434911242603552,0.5117834394904458,0.5117834394904458,0.0,-0.2734571129707113,-0.021484375,0.021484375,,-0.4648496240601503,-0.5275862068965518,0.5275862068965518,1.0,-0.3011029411764706,-0.40441176470588236,0.40441176470588236,1.0,0.4,0.5241348306574791,0.8767130451932642,1.2635385929478828,1.1747030432470242,0.2415865384615384,1.2230769230769232,1.2230769230769232,0.0,0.7277777777777776,1.4351851851851851,1.4351851851851851,0.0,-0.8257026627218934,-0.9309171597633137,0.9309171597633137,0.0,-0.0771484375,1.3230125523012553,1.3230125523012553,0.0,-0.49454887218045107,1.8,1.8,0.0,0.35772058823529407,-0.40808823529411764,0.40808823529411764,1.0,0.16666666666666666
5RHaxvObqgVoqYo1ZBKulKFcqU93,662f8adda330de2b91147209,single_turn,1,asst_first,ASST,ROLEPLY,0.695884130265907,0.6972008741583341,0.9479747438533022,0.7615067936039392,0.020560747663551412,0.027884615384615286,0.027884615384615286,1.0,1.123148148148148,1.4666666666666668,1.4666666666666668,0.0,0.5143491124260354,1.1261146496815286,1.1261146496815286,0.0,-0.9734571129707112,-1.2333984375,1.2333984375,0.0,-0.26484962406015033,-0.14962406015037588,0.14962406015037588,1.0,-0.6011029411764706,-0.6544117647058825,0.6544117647058825,1.0,0.5,0.3400338172362999,0.44622262910919536,0.4663185620735888,0.3909530026168674,-0.35841346153846165,0.12019230769230768,0.12019230769230768,1.0,0.5277777777777777,-0.18796296296296303,0.18796296296296303,1.0,-0.1257026627218934,0.4426775147928995,0.4426775147928995,1.0,0.2228515625,-0.99814453125,0.99814453125,0.0,0.30545112781954886,-0.2026315789473684,0.2026315789473684,1.0,0.35772058823529407,-0.1470588235294118,0.1470588235294118,1.0,0.8333333333333334
5UHrEfz0njbPFus7b3nt3KNrH263,699ddb4029e444c07d0953ae,multi_turn,2,asst_first,ASST,ROLEPLY,0.5100625791139057,0.7912521250300838,0.8868971943676353,0.6222863428762191,-0.6794392523364485,0.0096153846153846,0.0096153846153846,,0.3231481481481481,0.924074074074074,0.924074074074074,0.0,-0.7856508875739645,-0.9337278106508875,0.9337278106508875,0.0,0.0265428870292887,-1.02197265625,1.02197265625,0.0,-0.4648496240601503,-1.1644736842105263,1.1644736842105263,0.0,-0.40110294117647066,-0.7702205882352942,0.7702205882352942,1.0,0.2,0.0901391199988722,0.5459124720591655,0.47270303797261576,0.49136419171006984,0.0415865384615384,0.2620192307692307,0.2620192307692307,0.0,0.02777777777777768,0.6425925925925926,0.6425925925925926,0.0,-0.0257026627218934,-0.0603550295857988,0.0603550295857988,1.0,-0.0771484375,0.8828451882845187,0.8828451882845187,0.0,-0.1945488721804511,-0.12758620689655176,0.12758620689655176,1.0,-0.0422794117647059,-0.24448529411764702,0.24448529411764702,1.0,0.5
63zoxApUiwcH8tra18Ub1Rm4WDn1,6945761b6e13df632b53f8da,multi_turn,2,asst_first,ASST,ROLEPLY,0.45838707438581516,0.9087402415264673,0.9990526873605948,1.0034171828352096,0.4205607476635514,1.5846153846153845,1.5846153846153845,0.0,0.8231481481481481,1.3055555555555556,1.3055555555555556,0.0,0.31434911242603547,-1.1899408284023667,1.1899408284023667,0.0,0.0265428870292887,-0.5,0.5,1.0,-0.4648496240601503,0.09999999999999998,0.09999999999999998,1.0,-0.3011029411764706,-0.31176470588235294,0.31176470588235294,1.0,0.5,0.16507319141415058,0.8825486999943604,0.9283011545631423,0.8540884589566858,-0.35841346153846165,0.6454326923076923,0.6454326923076923,0.0,0.02777777777777768,0.9962962962962962,0.9962962962962962,0.0,0.17429733727810662,-1.175147928994083,1.175147928994083,0.0,0.022851562500000006,-0.5171548117154812,0.5171548117154812,1.0,0.005451127819548901,-1.1481203007518797,1.1481203007518797,0.0,0.05772058823529408,-0.8914407169117649,0.8914407169117649,1.0,0.3333333333333333
6iYYPOxo2NhxYNgUx2LgumaXh8j1,63d5b810f3dbbd11e7e65870,multi_turn,2,roleply_first,ROLEPLY,ASST,0.7646820610306373,0.5657291834911301,0.5797596355055181,0.5342094946947269,-0.15841346153846161,0.8,0.8,0.0,1.1277777777777778,1.0814814814814815,1.0814814814814815,0.0,0.5742973372781066,-0.0396449704142012,0.0396449704142012,1.0,-0.5771484375,0.21882845188284522,0.21882845188284522,1.0,-0.7945488721804511,0.0034482758620689724,0.0034482758620689724,1.0,0.9577205882352942,0.3970588235294117,0.3970588235294117,,0.6,0.5446475720325954,0.331936563568743,0.8606941186466466,0.6089458185683463,0.5205607476635514,1.446153846153846,1.446153846153846,0.0,-0.2768518518518519,0.5851851851851851,0.5851851851851851,,-0.8856508875739645,-0.5692307692307692,0.5692307692307692,1.0,-0.07345711297071131,0.9,0.9,1.0,-0.0648496240601503,0.8,0.8,1.0,0.7988970588235293,0.48676470588235293,0.48676470588235293,0.0,0.6
7cq2eMt7ugRuqhGOq05HBZoyjdg2,5bf0a682e938aa0001df6c54,single_turn,1,asst_first,ASST,ROLEPLY,0.6250202044956024,0.7529269009024046,0.8937745707612752,0.7716966558503728,-0.47943925233644863,1.580769230769231,1.580769230769231,0.0,0.2231481481481481,-0.23888888888888898,0.23888888888888898,1.0,-0.0856508875739645,-0.169378698224852,0.169378698224852,,-0.9734571129707112,-0.696652719665272,0.696652719665272,1.0,-0.8648496240601503,-1.012453007518797,1.012453007518797,0.0,-0.6011029411764706,-0.8354779411764706,0.8354779411764706,1.0,0.6,0.5127115578405116,0.5810461770764643,0.6736711019246993,0.5680050681104133,-0.9584134615384616,0.2692307692307692,0.2692307692307692,,0.4277777777777777,0.662962962962963,0.662962962962963,,-0.0257026627218934,-0.6819526627218935,0.6819526627218935,0.0,-0.4771484375,-0.5313807531380754,0.5313807531380754,1.0,-0.1945488721804511,0.9793103448275862,0.9793103448275862,0.0,0.4577205882352941,0.7102941176470587,0.7102941176470587,0.0,0.25
8a9eVvTqH8SIXj4SyiO4hv0t5ho1,66aa8d04719b0f5ef3433e9c,control,0,roleply_first,ROLEPLY,ASST,0.40633793561544035,0.3719155548152527,0.3841892712074659,0.4705360687256354,0.0415865384615384,0.2975961538461538,0.2975961538461538,0.0,-0.0722222222222223,0.5777777777777777,0.5777777777777777,0.0,-0.0257026627218934,0.10177514792899409,0.10177514792899409,1.0,-0.3771484375,0.5334728033472803,0.5334728033472803,,-0.7945488721804511,0.2741379310344827,0.2741379310344827,1.0,0.4577205882352941,0.3051470588235294,0.3051470588235294,,0.5,0.6351872844983164,0.7548977173064666,0.20650899217788884,0.21277981640503907,-0.5794392523364486,0.0692307692307691,0.0692307692307691,1.0,0.6231481481481481,0.248148148148148,0.248148148148148,1.0,0.41434911242603545,0.36923076923076925,0.36923076923076925,1.0,-0.9734571129707112,-0.2301255230125524,0.2301255230125524,1.0,-0.4648496240601503,0.0,0.0,1.0,-0.6011029411764706,-0.014705882352941235,0.014705882352941235,1.0,1.0
8bXgq0WydXXAHGEV2ych99vwNSq2,698314cfbc5b5149e7eff3cf,control,0,asst_first,ASST,ROLEPLY,0.5908589268236548,0.717208832900993,0.6140881169233124,0.6963767790415483,-0.6794392523364485,0.7317307692307692,0.7317307692307692,0.0,-0.17685185185185193,0.5111111111111111,0.5111111111111111,0.0,0.41434911242603545,0.3409763313609468,0.3409763313609468,1.0,-0.9734571129707112,-0.4916317991631799,0.4916317991631799,1.0,-0.6648496240601502,-0.7741379310344828,0.7741379310344828,1.0,-0.2011029411764706,-0.7132352941176471,0.7132352941176471,1.0,0.6666666666666666,0.7829664842548647,0.9443533457210821,0.8069371386628261,0.7644120969444586,0.0415865384615384,1.0682692307692307,1.0682692307692307,0.0,1.2277777777777779,0.8222222222222222,0.8222222222222222,0.0,-0.7257026627218933,-0.8812130177514792,0.8812130177514792,0.0,-0.0771484375,-0.604602510460251,0.604602510460251,1.0,-1.1945488721804511,-0.6293103448275862,0.6293103448275862,1.0,0.4577205882352941,-0.7426470588235294,0.7426470588235294,1.0,0.5
8iwlTGXTWAe9T9nGfHesJbdrnMt2,67e268cbf13dcd115337894c,single_turn,1,roleply_first,ROLEPLY,ASST,0.8311843515955898,0.5616607045018582,0.635030242793611,0.6779245306707307,-0.5584134615384616,0.9461538461538461,0.9461538461538461,0.0,1.0277777777777777,-0.30740740740740746,0.30740740740740746,1.0,-0.42570266272189344,1.0321656050955414,1.0321656050955414,0.0,-0.8771484375,-0.5654296875,0.5654296875,0.0,-0.49454887218045107,0.21165413533834587,0.21165413533834587,1.0,1.2577205882352942,0.0,0.0,1.0,0.5,0.5212224595384619,0.550996529780336,0.5682857818804755,0.6245150398196598,0.4205607476635514,1.0038461538461538,1.0038461538461538,0.0,-0.47685185185185186,0.5342592592592592,0.5342592592592592,0.0,-0.48565088757396446,-0.6284023668639054,0.6284023668639054,0.0,0.8265428870292888,0.11004184100418402,0.11004184100418402,1.0,-0.4648496240601503,-0.07241379310344831,0.07241379310344831,1.0,-0.3011029411764706,-0.48198529411764707,0.48198529411764707,1.0,0.5
8kbG0x1T0yPzfKmsGMWbeTKKBYH2,60c119b30aa5205b493541b6,multi_turn,2,asst_first,ASST,ROLEPLY,0.44110205010841075,0.40934399257265747,0.49808995233423764,0.4042490063525677,-0.5794392523364486,0.6730769230769231,0.6730769230769231,1.0,0.8231481481481481,0.7851851851851851,0.7851851851851851,0.0,0.01434911242603551,0.0032544378698225185,0.0032544378698225185,1.0,-0.3734571129707113,0.14853556485355646,0.14853556485355646,1.0,-0.0648496240601503,0.4,0.4,1.0,-0.10110294117647062,0.48676470588235293,0.48676470588235293,1.0,0.8333333333333334,0.3486424243444205,0.5549628888446457,0.2612200936706583,0.23340162842623793,0.0415865384615384,0.2038461538461539,0.2038461538461539,1.0,0.8277777777777777,0.3129629629629629,0.3129629629629629,,-0.0257026627218934,-0.2810650887573964,0.2810650887573964,,0.022851562500000006,0.13263598326359827,0.13263598326359827,1.0,-0.1945488721804511,0.4,0.4,1.0,0.05772058823529408,0.11544117647058816,0.11544117647058816,1.0,1.0
92W5qFVeIPaSdD2jpWpnnhi8DsJ3,6996589ef8807b43043aef11,multi_turn,2,asst_first,ASST,ROLEPLY,0.57107965006661,0.46508152230076966,0.6917115335557784,0.5690810713042361,0.12056074766355142,0.6038461538461538,0.6038461538461538,0.0,-0.2768518518518519,0.624074074074074,0.624074074074074,0.0,0.7143491124260355,0.16908284023668638,0.16908284023668638,1.0,-0.6734571129707112,-0.7343096234309624,0.7343096234309624,1.0,0.7351503759398498,1.2241379310344829,1.2241379310344829,0.0,-0.6011029411764706,-0.22444852941176482,0.22444852941176482,1.0,0.5,0.20124025293477457,0.43314228018416673,0.3788132466708844,0.3226242899006079,-0.15841346153846161,0.2760514018691589,0.2760514018691589,1.0,-0.37222222222222234,-0.32407407407407407,0.32407407407407407,1.0,0.07429733727810661,-0.11321656050955421,0.11321656050955421,1.0,0.12285156250000001,-0.49246861924686197,0.49246861924686197,1.0,0.005451127819548901,0.6275862068965516,0.6275862068965516,1.0,-0.24227941176470585,-0.17481617647058834,0.17481617647058834,1.0,1.0
AYAle5e13TXnP4faWwQVwIdJgcK2,5db753692a16b8000b4d44f6,control,0,roleply_first,ROLEPLY,ASST,0.6696471591526767,0.6497668151399316,0.830767749717796,0.7005019269125499,0.6415865384615383,1.2230769230769232,1.2230769230769232,0.0,1.0277777777777777,0.11111111111111105,0.11111111111111105,1.0,-0.7257026627218933,0.3455621301775148,0.3455621301775148,1.0,-0.0771484375,-0.6924686192468619,0.6924686192468619,1.0,-0.7945488721804511,1.3,1.3,0.0,-0.24227941176470585,-0.5863970588235294,0.5863970588235294,1.0,0.6666666666666666,0.6254052785131897,0.5975051648843112,0.917209167026549,0.728627152506446,0.6205607476635514,1.5692307692307694,1.5692307692307694,0.0,0.923148148148148,1.4333333333333331,1.4333333333333331,0.0,0.6143491124260355,-0.5224852071005917,0.5224852071005917,0.0,0.3265428870292887,0.28619246861924674,0.28619246861924674,1.0,-0.7648496240601502,0.4,0.4,1.0,-0.2011029411764706,-0.125735294117647,0.125735294117647,1.0,0.5
AtTMl0QbfDbsKClK1JUrbh5IGpu1,699d45af20adaa6e1e89aa5a,single_turn,1,roleply_first,ROLEPLY,ASST,0.8792971327659328,0.7958203482121865,0.8108669664004055,0.7529089701770004,-0.7584134615384617,0.4653846153846153,0.4653846153846153,0.0,1.0277777777777777,1.387037037037037,1.387037037037037,0.0,-1.0257026627218935,-0.6085798816568047,0.6085798816568047,0.0,-0.7771484375,-0.9999182792887029,0.9999182792887029,1.0,0.10545112781954888,-0.4522556390977443,0.4522556390977443,0.0,1.1577205882352941,-0.4794117647058823,0.4794117647058823,1.0,0.3333333333333333,0.6655382771633958,0.7533099725812094,0.8064423462235014,0.8080831497642234,-0.0794392523364486,0.4961538461538461,0.4961538461538461,,0.7231481481481481,1.5074074074074075,1.5074074074074075,0.0,0.6143491124260355,0.7197485207100592,0.7197485207100592,1.0,-0.9734571129707112,-0.6422594142259415,0.6422594142259415,1.0,-0.6648496240601502,0.6,0.6,1.0,-0.6011029411764706,-0.30514705882352944,0.30514705882352944,1.0,0.8
BfrCiYB83bVYNaApXk1M0ADKOjP2,5d453e8723a5bb0001492546,single_turn,1,asst_first,ASST,ROLEPLY,0.4786684946646822,0.2277791704974011,0.584403842557517,0.4543588768052549,0.020560747663551412,0.7115384615384615,0.7115384615384615,0.0,-0.17685185185185193,0.5833333333333333,0.5833333333333333,0.0,0.31434911242603547,0.24615384615384622,0.24615384615384622,1.0,-0.9734571129707112,0.47782426778242665,0.47782426778242665,1.0,0.5351503759398497,0.9517241379310345,0.9517241379310345,0.0,-0.10110294117647062,-0.08897058823529402,0.08897058823529402,1.0,0.5,0.11136229382718091,0.4309364868228081,0.24809541947612138,0.17393566744442454,-0.05841346153846161,-0.023076923076923106,0.023076923076923106,1.0,0.2277777777777777,-0.1925925925925926,0.1925925925925926,1.0,-0.0257026627218934,0.3942307692307693,0.3942307692307693,1.0,0.12285156250000001,-0.2092050209205022,0.2092050209205022,1.0,0.005451127819548901,0.3517241379310345,0.3517241379310345,1.0,0.05772058823529408,-0.09375,0.09375,1.0,1.0
BwbcXMfSzsQlKXvfzaNCeKYcOC32,695fefc5165c3e3caf224919,control,0,roleply_first,ROLEPLY,ASST,0.5722723547033555,0.6919202796193922,0.5872019760889422,0.665016068125145,0.0415865384615384,1.2259615384615383,1.2259615384615383,0.0,0.6277777777777778,0.4388888888888888,0.4388888888888888,,-0.3257026627218934,-0.2884615384615385,0.2884615384615385,,-1.0771484375,-0.38912133891213396,0.38912133891213396,1.0,0.30545112781954886,0.2782659774436091,0.2782659774436091,1.0,0.4577205882352941,0.24733455882352942,0.24733455882352942,0.0,0.5,0.93498890387943,0.8824676304084069,0.8382107794285043,0.5730765867337911,0.9205607476635514,-0.7384615384615385,0.7384615384615385,1.0,1.223148148148148,-0.5222222222222224,0.5222222222222224,1.0,-1.1856508875739644,0.5739644970414202,0.5739644970414202,1.0,0.0265428870292887,-0.8959205020920503,0.8959205020920503,1.0,-1.0648496240601504,-1.481203007518797,1.481203007518797,0.0,-0.6011029411764706,-0.2673410404624277,0.2673410404624277,,0.8
Chj32m40axYJaoy8wcCSuWSEfm52,695fed791a1d6de6d0a812da,control,0,roleply_first,ROLEPLY,ASST,0.5558889395134933,0.9722862862766649,0.9747407650313075,0.9522880512699249,0.3415865384615384,1.0266826923076924,1.0266826923076924,0.0,0.6277777777777778,1.5444444444444443,1.5444444444444443,0.0,-0.42570266272189344,-0.9841759554140128,0.9841759554140128,1.0,-1.0771484375,-1.056884765625,1.056884765625,0.0,0.005451127819548901,0.07857142857142863,0.07857142857142863,1.0,-0.0422794117647059,-0.4117647058823529,0.4117647058823529,1.0,0.5,0.7750118189189708,0.8337814654527842,0.799465231312396,0.5876949504124723,0.9205607476635514,-0.5920072115384616,0.5920072115384616,1.0,-0.7768518518518519,-0.40740740740740744,0.40740740740740744,1.0,0.41434911242603545,0.7810650887573964,0.7810650887573964,1.0,-0.9734571129707112,-0.6171548117154813,0.6171548117154813,1.0,0.9351503759398497,-1.3026315789473684,1.3026315789473684,0.0,0.3988970588235294,-0.7941176470588236,0.7941176470588236,1.0,0.8333333333333334
Cmdam1OjCXVjOnuHDlt6bgkJD7h2,67f1f1d53b5c101545b04cfc,control,0,roleply_first,ROLEPLY,ASST,0.8018706172464085,1.0021300948278946,0.9368863085644877,0.928193352090143,-0.6584134615384616,0.9572115384615384,0.9572115384615384,0.0,1.2277777777777779,1.362962962962963,1.362962962962963,0.0,-0.7257026627218933,-0.9114644970414201,0.9114644970414201,0.0,-0.0771484375,0.8012176385983264,0.8012176385983264,0.0,0.8054511278195489,-0.7275862068965517,0.7275862068965517,1.0,0.8577205882352941,-0.7003676470588235,0.7003676470588235,1.0,0.3333333333333333,0.8424867350551523,0.9194578980845167,0.8824038276073274,0.8182918758716051,0.9205607476635514,1.3692307692307693,1.3692307692307693,0.0,-0.6768518518518519,-0.5111111111111111,0.5111111111111111,1.0,0.7143491124260355,-1.0072485207100592,1.0072485207100592,0.0,-0.9734571129707112,-0.7803347280334728,0.7803347280334728,1.0,-1.0648496240601504,-0.7206896551724138,0.7206896551724138,1.0,-0.6011029411764706,-0.6268382352941178,0.6268382352941178,1.0,0.6666666666666666
DCb95RxKc3PMqbiWyyr5xzjH9xv2,672bbb444ab4546a33718004,multi_turn,2,roleply_first,ROLEPLY,ASST,0.5861931575987325,0.7804123585354154,0.8997002856797229,0.8463793818113063,-0.35841346153846165,0.7846153846153846,0.7846153846153846,0.0,0.9277777777777777,0.9759259259259259,0.9759259259259259,0.0,-0.5257026627218934,-1.0440828402366864,1.0440828402366864,0.0,0.3228515625,1.415062761506276,1.415062761506276,0.0,-0.6945488721804511,0.19999999999999996,0.19999999999999996,1.0,0.4577205882352941,0.3952205882352941,0.3952205882352941,,0.2,0.6633031163393948,0.809240507103876,0.6580955329892513,0.5730623561226149,-0.6794392523364485,-0.34230769230769237,0.34230769230769237,1.0,0.2231481481481481,0.7666666666666666,0.7666666666666666,,0.6143491124260355,0.5118343195266273,0.5118343195266273,1.0,-0.9734571129707112,-0.06276150627615085,0.06276150627615085,1.0,-0.6648496240601502,-0.7344827586206897,0.7344827586206897,1.0,-0.6011029411764706,-1.043171965317919,1.043171965317919,0.0,0.8
Eo8va1friWS3rDZDLQxVEahGgNs2,698f9090875fd1edf9c2f4ce,multi_turn,2,asst_first,ASST,ROLEPLY,0.6354905188595591,0.6417092969993681,0.7962222940421857,0.6464077891263446,0.22056074766355138,0.7730769230769231,0.7730769230769231,0.0,-0.17685185185185193,1.2259259259259259,1.2259259259259259,0.0,-0.6856508875739645,-0.06937869822485199,0.06937869822485199,1.0,-0.8734571129707113,-0.35230125523012557,0.35230125523012557,1.0,0.33515037593984975,-0.8066729323308269,0.8066729323308269,0.0,0.9988970588235293,-0.9610549132947976,0.9610549132947976,0.0,0.3333333333333333,0.8028509112430045,0.281777700318945,0.4179099936146991,0.4272242077673303,-0.5584134615384616,0.4923076923076923,0.4923076923076923,0.0,1.1277777777777778,0.224074074074074,0.224074074074074,,-0.8257026627218934,-0.1272189349112426,0.1272189349112426,,-0.4771484375,-0.358349609375,0.358349609375,0.0,0.5054511278195488,0.2991379310344827,0.2991379310344827,0.0,1.057720588235294,-0.721965317919075,0.721965317919075,0.0,0.0
F7qSfxeK6rOMa3PYHmkDciKXBDB3,6997b7e51e36044608c693d4,single_turn,1,roleply_first,ROLEPLY,ASST,0.5393153961432486,0.3961457616217067,0.42470713342149446,0.40568322435874193,-0.5584134615384616,0.5903846153846154,0.5903846153846154,0.0,0.6277777777777778,0.7518518518518518,0.7518518518518518,0.0,-0.6257026627218933,0.2483727810650888,0.2483727810650888,1.0,-0.1771484375,-0.037447698744769886,0.037447698744769886,1.0,0.2054511278195489,0.20695488721804517,0.20695488721804517,1.0,0.7577205882352941,-0.25,0.25,1.0,0.6666666666666666,0.47608059034492023,0.4920681174905586,1.0362328561555636,0.8319165726799467,0.4205607476635514,1.2230769230769232,1.2230769230769232,0.0,0.7231481481481481,1.2222222222222223,1.2222222222222223,0.0,0.41434911242603545,0.25325443786982244,0.25325443786982244,1.0,-0.2734571129707113,0.7,0.7,1.0,0.6351503759398497,1.7,1.7,0.0,-0.10110294117647062,-0.09375,0.09375,1.0,0.5
GASbzANggGfeB0lyqgkaPgJtPhE3,5c1021a547d07800011a23de,single_turn,1,asst_first,ASST,ROLEPLY,0.6252293647755849,0.8196944344651277,0.868820508483069,0.7064601903355738,-0.5794392523364486,0.6865384615384615,0.6865384615384615,0.0,-0.47685185185185186,0.21481481481481474,0.21481481481481474,1.0,0.5143491124260354,-1.2618343195266273,1.2618343195266273,0.0,-0.9734571129707112,-0.9734571129707112,0.9734571129707112,1.0,-0.5648496240601503,-1.0620300751879699,1.0620300751879699,0.0,-0.5011029411764707,-0.5863970588235294,0.5863970588235294,1.0,0.5,0.6727204348936205,0.7032570109804939,0.5320554428892882,0.5956985343860824,0.0415865384615384,0.3519230769230769,0.3519230769230769,0.0,0.9277777777777777,0.7907407407407407,0.7907407407407407,0.0,-0.0257026627218934,-0.33938609467455616,0.33938609467455616,0.0,-1.0771484375,-0.8305439330543933,0.8305439330543933,1.0,-0.6945488721804511,-0.21724137931034487,0.21724137931034487,1.0,0.4577205882352941,-0.31176470588235294,0.31176470588235294,1.0,0.5
Ga2WDEyrTNaXEFSQH4qlpY2KIfI3,69bebb732fce2a6f877f8c6f,multi_turn,2,roleply_first,ROLEPLY,ASST,0.6240117332465765,0.5566168213122711,0.607431986995087,0.4491615792964216,0.4415865384615384,1.1634615384615383,1.1634615384615383,0.0,0.9277777777777777,0.23333333333333317,0.23333333333333317,1.0,0.27429733727810657,-0.7990856389331211,0.7990856389331211,1.0,-0.6771484375,0.043096234309623394,0.043096234309623394,1.0,0.10545112781954888,-0.3961206896551725,0.3961206896551725,1.0,0.8577205882352941,-0.09191176470588241,0.09191176470588241,1.0,0.8333333333333334,0.42622979447943693,0.16232428364566412,0.1464899972654317,0.24616859890341153,-0.0794392523364486,0.0194711538461538,0.0194711538461538,,0.8231481481481481,0.11851851851851847,0.11851851851851847,1.0,0.21434911242603552,0.2920118343195267,0.2920118343195267,1.0,0.0265428870292887,-0.1298828125,0.1298828125,,-0.5648496240601503,-0.0443609022556391,0.0443609022556391,1.0,-0.2011029411764706,-0.10110294117647062,0.10110294117647062,1.0,1.0
GaZqRFlEshZhuj4xaxPzoObIKvp2,5fbd057ea95c7102638685d5,multi_turn,2,roleply_first,ROLEPLY,ASST,0.6105233564051809,0.8347368413270208,0.7168457868751393,0.7568597264533347,-0.15841346153846161,0.6081730769230769,0.6081730769230769,0.0,1.1277777777777778,1.3277777777777777,1.3277777777777777,0.0,-0.8257026627218934,-0.44012738853503186,0.44012738853503186,1.0,-0.0771484375,-0.8294979079497908,0.8294979079497908,1.0,0.2054511278195489,0.1672413793103448,0.1672413793103448,1.0,0.4577205882352941,-0.20147058823529418,0.20147058823529418,1.0,0.6666666666666666,0.13633796250674904,0.5701801118067009,0.35702817541575027,0.1822115150814532,0.020560747663551412,0.07884615384615379,0.07884615384615379,1.0,-0.17685185185185193,-0.14074074074074072,0.14074074074074072,1.0,0.21434911242603552,0.171301775147929,0.171301775147929,1.0,-0.07345711297071131,-0.6778242677824269,0.6778242677824269,1.0,0.13515037593984972,0.4,0.4,1.0,-0.10110294117647062,0.30000000000000004,0.30000000000000004,1.0,1.0
GfJfymdGNfTa1ZkKHm3wDHqrjcG2,66351c39f862c014cfa831c4,single_turn,1,asst_first,ASST,ROLEPLY,0.2077863200009803,0.4968709008374889,0.9067503647628148,0.8253963445900729,0.020560747663551412,0.9115384615384614,0.9115384615384614,0.0,0.4231481481481481,0.6222222222222222,0.6222222222222222,0.0,0.01434911242603551,0.0633136094674556,0.0633136094674556,1.0,0.2265428870292887,0.7719665271966527,0.7719665271966527,0.0,0.13515037593984972,1.5,1.5,0.0,0.0988970588235294,0.9301470588235294,0.9301470588235294,0.0,0.16666666666666666,0.522837530675565,0.7072939062246365,0.7135109422387499,0.686154745776465,0.3415865384615384,0.6350961538461538,0.6350961538461538,0.0,0.7277777777777776,0.9814814814814814,0.9814814814814814,0.0,-0.1257026627218934,-0.9937869822485208,0.9937869822485208,0.0,0.2228515625,-0.030439330543933107,0.030439330543933107,1.0,0.10545112781954888,-0.7516917293233082,0.7516917293233082,0.0,0.9577205882352942,-0.36654411764705885,0.36654411764705885,1.0,0.3333333333333333
HrM16oufTpgWfts7Efh8JecfbqW2,6628141ef03d907d9b2ff86d,single_turn,1,roleply_first,ROLEPLY,ASST,0.41962006455872464,0.5942837261484729,0.5736650105808772,0.5277727105464828,-0.15841346153846161,0.2382211538461538,0.2382211538461538,0.0,0.8277777777777777,0.9259259259259258,0.9259259259259258,0.0,-0.42570266272189344,-0.5059171597633136,0.5059171597633136,0.0,-0.0771484375,-0.867578125,0.867578125,0.0,-0.3945488721804511,-0.0853448275862069,0.0853448275862069,1.0,0.05772058823529408,0.21102941176470597,0.21102941176470597,1.0,0.3333333333333333,0.21384420685613853,0.19614756025515903,0.29065431243816403,0.5377261446645685,0.3205607476635514,0.4346153846153846,0.4346153846153846,0.0,-0.0768518518518519,0.46296296296296285,0.46296296296296285,1.0,0.11434911242603549,0.0011834319526626835,0.0011834319526626835,1.0,-0.1734571129707113,-0.11903765690376569,0.11903765690376569,1.0,0.33515037593984975,0.256203007518797,0.256203007518797,1.0,-0.10110294117647062,-0.15441176470588241,0.15441176470588241,1.0,0.8333333333333334
I8GBTqKpV7gld8MVTgD6AWDZztE3,59948cbdcf1d1700016efa45,single_turn,1,roleply_first,ROLEPLY,ASST,0.7518879529162303,0.40006483052161307,0.6033077452830399,0.47986971542205964,-0.6584134615384616,-0.24859813084112148,0.24859813084112148,1.0,0.7277777777777776,0.7407407407407406,0.7407407407407406,0.0,-0.3257026627218934,1.1171974522292991,1.1171974522292991,0.0,-0.0771484375,-0.2359375,0.2359375,1.0,-1.094548872180451,0.5189655172413793,0.5189655172413793,0.0,1.057720588235294,-0.016176470588235237,0.016176470588235237,1.0,0.5,0.5007030121303833,0.6610200505749134,0.9336517692554808,0.5289352161361568,0.5205607476635514,-1.1672897196261682,1.1672897196261682,0.0,-0.2768518518518519,-0.2148148148148149,0.2148148148148149,1.0,-0.48565088757396446,1.589171974522293,1.589171974522293,0.0,-0.6734571129707112,-1.1353515625,1.1353515625,0.0,-0.4648496240601503,0.0024380387931034,0.0024380387931034,,-0.5011029411764707,-0.08382352941176474,0.08382352941176474,1.0,0.4
INi411VQpQcxuc0A6FsBaNSZmI72,69815bc41e1ce32a7bd62082,control,0,asst_first,ASST,ROLEPLY,0.3299207292975873,0.6818271233996596,0.5827337653401012,0.5413082792482975,-0.0794392523364486,0.6269230769230769,0.6269230769230769,0.0,-0.17685185185185193,0.8148148148148149,0.8148148148148149,0.0,0.5143491124260354,0.5828402366863906,0.5828402366863906,1.0,0.0265428870292887,-0.18410041841004188,0.18410041841004188,1.0,0.43515037593984973,0.19999999999999996,0.19999999999999996,1.0,-0.40110294117647066,-0.7529411764705883,0.7529411764705883,1.0,0.6666666666666666,0.5466136073229731,0.7375075900763975,0.9344742717575619,0.8259092621595112,0.5415865384615384,1.373076923076923,1.373076923076923,0.0,1.0277777777777777,0.9398148148148149,0.9398148148148149,0.0,-0.3257026627218934,-1.0822485207100592,1.0822485207100592,0.0,0.12285156250000001,0.09832635983263593,0.09832635983263593,1.0,0.5054511278195488,1.1,1.1,0.0,0.2577205882352941,-0.28272058823529406,0.28272058823529406,1.0,0.3333333333333333
IeRYrKoE8aOfGzqFdiJETmgXrVF2,69b9aa64f47229adf26b8739,control,0,asst_first,ASST,ROLEPLY,0.7969607434976764,0.7151036755235703,0.6897923805708527,0.6448744988399222,0.7205607476635515,0.9615384615384616,0.9615384615384616,0.0,-0.576851851851852,-0.188888888888889,0.188888888888889,1.0,-1.0856508875739646,-0.9284023668639054,0.9284023668639054,0.0,-0.7734571129707113,-0.7284518828451884,0.7284518828451884,1.0,-0.9648496240601503,-0.25517241379310346,0.25517241379310346,1.0,-0.5011029411764707,-0.661029411764706,0.661029411764706,1.0,0.6666666666666666,0.5429737738279092,0.7457510051179195,0.7444623907649396,0.8554228745639142,-0.45841346153846163,-0.3902644230769231,0.3902644230769231,1.0,0.7277777777777776,0.824074074074074,0.824074074074074,0.0,-0.5257026627218934,-0.8248520710059171,0.8248520710059171,0.0,-0.0771484375,1.000836820083682,1.000836820083682,0.0,0.10545112781954888,0.2443609022556391,0.2443609022556391,1.0,0.8577205882352941,0.8672794117647058,0.8672794117647058,0.0,0.3333333333333333
IvWlrwdEkcYovc894gMcVufo8Cl2,62b5da77688feb883eba275d,multi_turn,2,roleply_first,ROLEPLY,ASST,0.6567390693943421,0.7240398278419234,0.7425156902976272,0.7360584270856078,-0.5584134615384616,1.0480769230769231,1.0480769230769231,0.0,-0.0722222222222223,1.0629629629629629,1.0629629629629629,0.0,-0.5257026627218934,-0.3901273885350319,0.3901273885350319,1.0,-0.6771484375,0.609205020920502,0.609205020920502,0.0,-0.8945488721804511,-0.6124060150375941,0.6124060150375941,0.0,0.8577205882352941,-0.42573529411764705,0.42573529411764705,1.0,0.3333333333333333,0.14445253729459162,0.36649179965562984,0.4966740607170748,0.4681058356972273,0.12056074766355142,-0.1917067307692308,0.1917067307692308,1.0,-0.17685185185185193,0.3759259259259259,0.3759259259259259,0.0,0.21434911242603552,0.34792899408284017,0.34792899408284017,1.0,-0.07345711297071131,0.3564853556485355,0.3564853556485355,1.0,0.13515037593984972,0.8,0.8,1.0,0.0988970588235294,-0.6433526011560693,0.6433526011560693,0.0,0.6666666666666666
JGRstHTrAdTm5JwWPvXX2pppzpc2,697a84c0ac7e8c070f8652ac,single_turn,1,asst_first,ASST,ROLEPLY,0.49611746517484623,0.6981596205062721,0.6793842917511268,0.5998676927760221,-0.5794392523364486,-0.48461538461538467,0.48461538461538467,1.0,0.2231481481481481,1.2148148148148148,1.2148148148148148,0.0,0.11434911242603549,0.0742603550295858,0.0742603550295858,1.0,-0.7734571129707113,-0.5292887029288703,0.5292887029288703,1.0,-0.5648496240601503,-0.4224137931034483,0.4224137931034483,1.0,-0.40110294117647066,-0.771139705882353,0.771139705882353,1.0,0.8333333333333334,0.7174262704845542,0.7353518549669561,0.5417619942620752,0.6389665774920995,0.5415865384615384,0.3014423076923076,0.3014423076923076,0.0,1.2277777777777779,0.9925925925925926,0.9925925925925926,0.0,0.4742973372781066,-0.690127388535032,0.690127388535032,1.0,-0.0771484375,0.0096103556485355,0.0096103556485355,,-0.6945488721804511,-0.41724137931034494,0.41724137931034494,1.0,0.7577205882352941,-0.18566176470588241,0.18566176470588241,1.0,0.6
JvZair4RIFc2gRAV5qTT12kvYI92,5ef3832ddd7d5a0f19b24f20,single_turn,1,asst_first,ASST,ROLEPLY,0.5763148441032461,0.6915984447624988,0.656315754360675,0.6163524629986721,0.4205607476635514,0.4764423076923076,0.4764423076923076,0.0,-0.3768518518518519,-0.07777777777777783,0.07777777777777783,1.0,0.21434911242603552,1.0945859872611465,1.0945859872611465,0.0,-0.9734571129707112,-0.9552824267782427,0.9552824267782427,1.0,-0.5648496240601503,-0.2551724137931035,0.2551724137931035,1.0,-0.6011029411764706,-0.4191176470588236,0.4191176470588236,1.0,0.6666666666666666,0.36214617817842004,0.600319032958728,0.48260122772546643,0.5073064120116632,0.0415865384615384,0.03551401869158877,0.03551401869158877,1.0,-0.0722222222222223,0.2888888888888888,0.2888888888888888,1.0,-0.7257026627218933,-0.4732484076433121,0.4732484076433121,1.0,-0.0771484375,0.04082031250000001,0.04082031250000001,1.0,-0.1945488721804511,1.0275862068965518,1.0275862068965518,0.0,0.4577205882352941,-0.17647058823529416,0.17647058823529416,1.0,0.8333333333333334
K7ZID1XnacdH0LtVjr1qll5TaAw2,67c9e7f9b20b33ec743ad8a9,control,0,roleply_first,ROLEPLY,ASST,0.39636264294511236,0.8219323303789197,1.1179629013656531,0.9077648122102855,0.6415865384615383,1.2826923076923078,1.2826923076923078,0.0,-0.17222222222222228,1.5222222222222221,1.5222222222222221,0.0,0.3742973372781066,-1.171301775147929,1.171301775147929,0.0,-0.0771484375,0.8397489539748952,0.8397489539748952,0.0,-0.5945488721804512,-1.1552631578947368,1.1552631578947368,0.0,-0.0422794117647059,-0.35330882352941184,0.35330882352941184,1.0,0.16666666666666666,0.6534185337684507,0.4919433476634598,0.4243424109516757,0.23270678982002235,0.3205607476635514,0.14423076923076916,0.14423076923076916,1.0,-0.47685185185185186,-0.17222222222222228,0.17222222222222228,1.0,-1.0856508875739646,0.23017751479289938,0.23017751479289938,1.0,0.3265428870292887,0.0,0.0,1.0,-0.7648496240601502,-0.6467672413793104,0.6467672413793104,1.0,-0.6011029411764706,-0.7474264705882353,0.7474264705882353,1.0,1.0
Kxja4hi3uvQe5AncS9dIWY6sjKr2,69b9dc367fe8a0f25c27fd3e,multi_turn,2,roleply_first,ROLEPLY,ASST,0.6365822137385669,0.881667164372388,0.6426732483917321,0.7128634125069522,0.6415865384615383,0.5807692307692307,0.5807692307692307,0.0,1.0277777777777777,1.149074074074074,1.149074074074074,0.0,-0.8257026627218934,0.37603550295857985,0.37603550295857985,1.0,-0.0771484375,0.35774058577405843,0.35774058577405843,1.0,0.5054511278195488,-0.048275862068965614,0.048275862068965614,1.0,-0.14227941176470588,-0.7408088235294118,0.7408088235294118,1.0,0.6666666666666666,0.4294642235089142,0.7182840071488682,0.687624885781799,0.6913972313109992,0.4205607476635514,1.3865384615384615,1.3865384615384615,0.0,-0.576851851851852,-0.337037037037037,0.337037037037037,1.0,0.31434911242603547,-0.5846153846153845,0.5846153846153845,0.0,-0.6734571129707112,0.1176778242677824,0.1176778242677824,,-0.0648496240601503,0.0,0.0,1.0,-0.2011029411764706,-0.6672794117647058,0.6672794117647058,1.0,0.6
LHAeKIo1HseGWwTdh7en5l6fX6w2,69a65cb77a65aab485084932,single_turn,1,asst_first,ASST,ROLEPLY,0.6788748479733817,0.6417526631391423,0.7568722146589797,0.6896404294669765,0.5205607476635514,0.9096153846153845,0.9096153846153845,0.0,1.0231481481481481,0.9925925925925926,0.9925925925925926,0.0,0.11434911242603549,-0.1653846153846154,0.1653846153846154,1.0,-0.7734571129707113,-0.39665271966527194,0.39665271966527194,1.0,-0.7648496240601502,-0.9019736842105264,0.9019736842105264,0.0,-0.5011029411764707,-0.7913602941176471,0.7913602941176471,1.0,0.5,0.9109428739979438,0.5708567347813248,0.45978118111774047,0.3539562755280782,0.8415865384615384,-0.653846153846154,0.653846153846154,1.0,1.2277777777777779,0.3148148148148147,0.3148148148148147,1.0,-0.42570266272189344,-0.7355029585798818,0.7355029585798818,0.0,-1.0771484375,-0.018410041841004254,0.018410041841004254,1.0,-0.9945488721804512,-0.4353383458646616,0.4353383458646616,0.0,0.6577205882352941,-0.10462427745664732,0.10462427745664732,1.0,0.6666666666666666
M0Z5iEvoJfSOPZEM9mzICKaggjl1,650764c3a197814ab15f8237,control,0,asst_first,ASST,ROLEPLY,0.6464525654271781,0.7805818355019318,0.5551087764782255,0.5721089204598566,-0.3794392523364486,-0.1192307692307693,0.1192307692307693,1.0,-0.6768518518518519,0.9629629629629629,0.9629629629629629,0.0,0.5143491124260354,0.8498520710059172,0.8498520710059172,1.0,-0.9734571129707112,-0.05020920502092041,0.05020920502092041,1.0,-0.6648496240601502,0.09999999999999998,0.09999999999999998,1.0,-0.5011029411764707,-0.4154411764705882,0.4154411764705882,1.0,0.8333333333333334,0.7156785297025362,0.6107793958512369,0.5709660664059999,0.6253850158145984,-0.7584134615384617,-0.06538461538461549,0.06538461538461549,1.0,1.2277777777777779,1.0722222222222222,1.0722222222222222,0.0,-0.8257026627218934,0.6980353180473372,0.6980353180473372,1.0,-0.0771484375,-0.4259765625,0.4259765625,0.0,0.30545112781954886,0.15375939849624062,0.15375939849624062,1.0,0.4577205882352941,-0.33125000000000004,0.33125000000000004,1.0,0.6666666666666666
MNYVOSnqG9NenQ53FhH5vrQlgbX2,69c3058a99ca09b99919c1f9,control,0,asst_first,ASST,ROLEPLY,0.29325072453547135,0.3426758992748236,0.6918871936931343,0.5447239425465171,0.22056074766355138,0.5846153846153846,0.5846153846153846,,0.4231481481481481,0.5555555555555555,0.5555555555555555,0.0,-0.1856508875739645,-0.7180473372781065,0.7180473372781065,0.0,0.0265428870292887,0.5815899581589957,0.5815899581589957,,-0.0648496240601503,1.0655172413793104,1.0655172413793104,0.0,0.4988970588235294,0.48235294117647065,0.48235294117647065,0.0,0.0,0.2819972582564467,0.47592021830070375,0.5167781041782031,0.4675647064660381,-0.05841346153846161,0.09230769230769231,0.09230769230769231,1.0,0.4277777777777777,0.112037037037037,0.112037037037037,,0.27429733727810657,-0.09437869822485206,0.09437869822485206,1.0,-0.0771484375,0.7238493723849372,0.7238493723849372,,0.005451127819548901,0.603448275862069,0.603448275862069,1.0,0.4577205882352941,0.8272058823529411,0.8272058823529411,0.0,0.75
MYO8icwrYPe6vLXj0AkBIn7yxAH3,5d27dc6b46dea800184f8bfa,single_turn,1,asst_first,ASST,ROLEPLY,0.5801923597597246,0.7114276938236628,0.8583951237520377,0.9542675344061421,0.7205607476635515,1.039423076923077,1.039423076923077,0.0,1.123148148148148,1.637037037037037,1.637037037037037,0.0,-0.0856508875739645,0.30000000000000004,0.30000000000000004,1.0,0.0265428870292887,-0.2008368200836821,0.2008368200836821,1.0,-0.26484962406015033,0.474436090225564,0.474436090225564,1.0,-0.40110294117647066,-0.5525735294117647,0.5525735294117647,1.0,0.6666666666666666,0.4186053010655714,0.7304290534489308,0.7052588658157293,0.7698653662214713,-0.15841346153846161,0.9682692307692308,0.9682692307692308,0.0,0.3277777777777777,1.1407407407407408,1.1407407407407408,0.0,0.5742973372781066,0.34437869822485206,0.34437869822485206,1.0,-0.0771484375,-0.37949790794979094,0.37949790794979094,1.0,-0.0945488721804511,-0.06635338345864658,0.06635338345864658,1.0,0.7577205882352941,-0.6917279411764705,0.6917279411764705,1.0,0.6666666666666666
Mr9nYmG3lFXinLhQkhli4LokkS32,668f8d7343028ae0faa7a907,control,0,roleply_first,ROLEPLY,ASST,0.9524068099450361,1.0844953186463642,0.8962885464586609,0.9605737461824282,0.0415865384615384,1.095673076923077,1.095673076923077,0.0,1.4277777777777776,1.2462962962962962,1.2462962962962962,0.0,-1.0257026627218935,-1.0081823224852071,1.0081823224852071,0.0,-0.0771484375,-0.9283472803347281,0.9283472803347281,1.0,-1.1945488721804511,-0.16551724137931023,0.16551724137931023,1.0,0.9577205882352942,-0.40073529411764697,0.40073529411764697,1.0,0.5,0.6730515776163309,0.6731853090923243,0.4481885864756367,0.4815990472844165,0.9205607476635514,0.5572115384615384,0.5572115384615384,0.0,0.7231481481481481,0.20185185185185178,0.20185185185185178,1.0,-0.1856508875739645,0.3210059171597634,0.3210059171597634,1.0,-0.9734571129707112,-0.4644351464435147,0.4644351464435147,1.0,-0.0648496240601503,0.0,0.0,1.0,-0.6011029411764706,-0.7316176470588236,0.7316176470588236,1.0,0.8333333333333334
NmvvSd6Hu2OAUVkE43jGMGKCGC62,671e55aeca0216c5762de35a,control,0,roleply_first,ROLEPLY,ASST,0.5295634668632578,0.5643463625741727,0.5805590390240143,0.5371417192162958,-0.45841346153846163,0.8423076923076924,0.8423076923076924,0.0,0.6277777777777778,0.8555555555555554,0.8555555555555554,0.0,-0.3257026627218934,-0.4322485207100592,0.4322485207100592,0.0,-0.4771484375,0.16108786610878656,0.16108786610878656,1.0,-0.0945488721804511,0.6,0.6,1.0,0.8577205882352941,-0.08970588235294119,0.08970588235294119,1.0,0.5,0.6188267825463729,0.41536368008597835,0.39314804305757367,0.30268199615484287,0.5205607476635514,0.426923076923077,0.426923076923077,1.0,0.923148148148148,0.5888888888888888,0.5888888888888888,0.0,-0.7856508875739645,-0.017159763313609355,0.017159763313609355,1.0,-0.2734571129707113,0.4874476987447698,0.4874476987447698,1.0,-0.6648496240601502,0.4,0.4,1.0,-0.2011029411764706,0.020955882352941158,0.020955882352941158,1.0,0.8333333333333334
NnYmLd7afkWHx53o4cUT3drMSRj2,667871d17d7fdf0358f82a28,multi_turn,2,asst_first,ASST,ROLEPLY,0.6579853112711831,0.5432167298689028,0.7015322505009107,0.5148768577492371,0.4205607476635514,0.3807692307692308,0.3807692307692308,1.0,0.5231481481481481,0.8592592592592592,0.8592592592592592,0.0,-0.7856508875739645,-0.8619822485207099,0.8619822485207099,0.0,0.7265428870292887,0.7489539748953974,0.7489539748953974,0.0,-0.0648496240601503,-0.2193609022556391,0.2193609022556391,0.0,0.9988970588235293,0.8470588235294116,0.8470588235294116,0.0,0.16666666666666666,0.520155880052825,0.5249608718487133,0.4263332806662491,0.5397947411311237,-0.35841346153846165,-0.3226343457943925,0.3226343457943925,0.0,0.7277777777777776,0.3244212962962962,0.3244212962962962,0.0,-0.1257026627218934,-0.4386942675159236,0.4386942675159236,1.0,-0.5771484375,-0.6537109375,0.6537109375,0.0,0.2054511278195489,0.4913793103448275,0.4913793103448275,0.0,0.7577205882352941,-0.1413294797687861,0.1413294797687861,1.0,0.3333333333333333
O5oHhpE39Uh7nykRSnRO4LMP9uc2,5df11e6cdc85350234932daa,single_turn,1,asst_first,ASST,ROLEPLY,0.5791082452808811,0.715493980557247,0.7345135612900107,0.6247443171146142,0.4205607476635514,0.8612980769230769,0.8612980769230769,0.0,-0.6768518518518519,-0.042592592592592626,0.042592592592592626,1.0,0.6143491124260355,-0.46568047337278096,0.46568047337278096,0.0,0.0265428870292887,-1.00640869140625,1.00640869140625,0.0,-0.8648496240601503,-1.0174812030075189,1.0174812030075189,0.0,-0.5011029411764707,-0.4779411764705883,0.4779411764705883,1.0,0.3333333333333333,0.621401280676355,0.9175334232826545,0.9116822044452829,0.8479590068025864,-0.6584134615384616,1.1596153846153845,1.1596153846153845,0.0,-0.0722222222222223,1.0444444444444443,1.0444444444444443,0.0,-0.5257026627218934,-1.2905325443786984,1.2905325443786984,0.0,-0.0771484375,-0.092468619246862,0.092468619246862,1.0,0.5054511278195488,-0.506896551724138,0.506896551724138,1.0,1.1577205882352941,-0.7876838235294118,0.7876838235294118,1.0,0.5
OZDvxvJ31YYlITAXxlvhXFRwXBP2,6770573e562e37a89d525a87,multi_turn,2,asst_first,ASST,ROLEPLY,0.4373174774668718,0.490127095716729,0.5818381196156532,0.42909060920373626,0.12056074766355142,0.138785046728972,0.138785046728972,1.0,0.023148148148148084,0.2314814814814814,0.2314814814814814,1.0,0.01434911242603551,0.1838757396449704,0.1838757396449704,1.0,-0.5734571129707112,-1.12890625,1.12890625,0.0,-0.6648496240601502,-0.3428571428571428,0.3428571428571428,0.0,-0.6011029411764706,-0.7297794117647058,0.7297794117647058,1.0,0.6666666666666666,0.5551908236781188,0.6322096082646899,0.5763227007192271,0.5461821732483206,-0.9584134615384616,-0.5397196261682243,0.5397196261682243,0.0,0.1277777777777777,1.0,1.0,0.0,-0.7257026627218933,0.2534023668639054,0.2534023668639054,1.0,-0.2771484375,-0.645654296875,0.645654296875,0.0,0.005451127819548901,-0.3448275862068966,0.3448275862068966,1.0,0.5577205882352941,0.31875,0.31875,0.0,0.3333333333333333
PKlaubvkGXXA9NaUFxlZo66W1QZ2,69c6f972b41adeb37c79bc36,control,0,roleply_first,ROLEPLY,ASST,0.8852671726544417,0.9222437503128177,1.070911959165117,0.9840497190313404,0.7415865384615383,1.143269230769231,1.143269230769231,0.0,1.3277777777777777,1.237037037037037,1.237037037037037,0.0,-0.8257026627218934,0.7677514792899408,0.7677514792899408,1.0,-0.5771484375,-0.44811715481171555,0.44811715481171555,1.0,-0.8945488721804511,1.7,1.7,0.0,0.7577205882352941,-0.6029411764705883,0.6029411764705883,1.0,0.5,0.8354859850467986,0.7990191094331599,0.8172972887356031,0.7304080311541461,0.6205607476635514,0.6507211538461538,0.6507211538461538,0.0,1.123148148148148,1.087037037037037,1.087037037037037,0.0,0.31434911242603547,0.4130177514792899,0.4130177514792899,1.0,-0.9734571129707112,-0.9001046025104603,0.9001046025104603,1.0,-1.0648496240601504,-0.8508620689655173,0.8508620689655173,1.0,-0.6011029411764706,-0.8354779411764706,0.8354779411764706,1.0,0.6666666666666666
PtXlRtBB5mbuNGZKPs1gRHup0sH3,63f809102d5b3a98cb923306,single_turn,1,roleply_first,ROLEPLY,ASST,0.6468744775388473,0.6645027489987694,0.7541363914509476,0.6702297695863517,0.2415865384615384,0.37884615384615383,0.37884615384615383,0.0,1.0277777777777777,1.525925925925926,1.525925925925926,0.0,-0.8257026627218934,-0.7141457100591715,0.7141457100591715,0.0,0.2228515625,0.2859619140625,0.2859619140625,1.0,-0.5945488721804512,0.5,0.5,1.0,0.5577205882352941,0.31397058823529406,0.31397058823529406,1.0,0.5,0.5776287542710462,0.7356896801075563,0.18840778315591583,0.30141858824774687,-0.3794392523364486,-0.13076923076923075,0.13076923076923075,1.0,0.4231481481481481,-0.1777777777777778,0.1777777777777778,1.0,-0.2856508875739645,0.34082840236686385,0.34082840236686385,1.0,-0.7734571129707113,0.09999999999999998,0.09999999999999998,1.0,-0.8648496240601503,-0.11379310344827587,0.11379310344827587,1.0,-0.5011029411764707,-0.15863970588235302,0.15863970588235302,1.0,1.0
RxUqYIeYaGhic7kUVRVe252jMHG3,63d7b127485d5655e70c8282,single_turn,1,asst_first,ASST,ROLEPLY,0.6896566353937506,0.575531960469014,0.5844133101021445,0.5025783141921105,0.3205607476635514,0.1923076923076923,0.1923076923076923,1.0,0.5231481481481481,0.7925925925925925,0.7925925925925925,0.0,-0.1856508875739645,0.0869822485207101,0.0869822485207101,1.0,-0.9734571129707112,-0.739539748953975,0.739539748953975,1.0,-1.0648496240601504,0.7,0.7,1.0,-0.6011029411764706,-0.5827205882352942,0.5827205882352942,1.0,0.8333333333333334,0.5270832134526443,0.7182843643403091,0.7296925856764164,0.7206856255471249,-0.45841346153846163,0.4211538461538461,0.4211538461538461,,-0.27222222222222225,1.211111111111111,1.211111111111111,0.0,-0.42570266272189344,0.5672707100591716,0.5672707100591716,1.0,-1.0771484375,-0.5146443514644352,0.5146443514644352,1.0,-0.1945488721804511,0.9103448275862068,0.9103448275862068,,0.05772058823529408,-0.36764705882352944,0.36764705882352944,1.0,0.75
RyPgy5yahTNqEkhpFvWBgjAZIBE3,69bc21dd22f17b2337957511,multi_turn,2,asst_first,ASST,ROLEPLY,0.5062187635187922,0.6447903456882526,0.7622356470753913,0.5716151136406648,0.4205607476635514,1.4076923076923076,1.4076923076923076,0.0,0.7231481481481481,0.6,0.6,,0.21434911242603552,-0.4940828402366863,0.4940828402366863,,-0.3734571129707113,0.24979079497907963,0.24979079497907963,1.0,0.6351503759398497,-0.07586206896551728,0.07586206896551728,1.0,0.4988970588235294,-0.9122242647058824,0.9122242647058824,1.0,0.75,0.28467839141500645,0.8069034654441887,0.899789660952803,0.7514655587242808,0.6415865384615383,0.43317757009345803,0.43317757009345803,1.0,0.02777777777777768,-0.6574074074074074,0.6574074074074074,1.0,-0.0257026627218934,0.4761464497041421,0.4761464497041421,1.0,0.12285156250000001,-1.13671875,1.13671875,0.0,-0.1945488721804511,-1.545112781954887,1.545112781954887,0.0,-0.14227941176470588,-0.5759191176470588,0.5759191176470588,1.0,0.6666666666666666
ShPlAl2EZgPHZM3mSSH6a7yr0uR2,69c0316b92d3e220991c755a,control,0,roleply_first,ROLEPLY,ASST,0.7133421314527504,0.5595646883036027,0.6525342068883686,0.6113627824988613,0.3415865384615384,0.9423076923076923,0.9423076923076923,0.0,1.1277777777777778,1.2333333333333334,1.2333333333333334,0.0,-1.0257026627218935,0.23694267515923562,0.23694267515923562,0.0,0.022851562500000006,-0.054931640625,0.054931640625,,-0.1945488721804511,0.08533834586466171,0.08533834586466171,1.0,0.7577205882352941,0.2816176470588235,0.2816176470588235,1.0,0.4,0.5541371309026826,0.6782886814930044,0.6481238754499129,0.6542565606192122,-0.0794392523364486,0.18076923076923068,0.18076923076923068,1.0,0.5231481481481481,0.9203703703703703,0.9203703703703703,0.0,0.5143491124260354,0.6819526627218935,0.6819526627218935,1.0,-0.9734571129707112,-0.28870292887029303,0.28870292887029303,1.0,0.43515037593984973,1.0,1.0,,-0.40110294117647066,-0.3036764705882353,0.3036764705882353,1.0,0.8
SxvnL4ZIHgatPmubsFtZTvscwyB2,66e5cf7a11cb28aa31d19da8,single_turn,1,asst_first,ASST,ROLEPLY,0.597387910779767,0.6379669194378661,0.7911728153151107,0.659512085060594,0.22056074766355138,1.5269230769230768,1.5269230769230768,0.0,0.8231481481481481,0.9777777777777776,0.9777777777777776,0.0,0.01434911242603551,-0.39112426035502956,0.39112426035502956,1.0,-0.9734571129707112,-0.2092050209205022,0.2092050209205022,1.0,-0.4648496240601503,0.4,0.4,1.0,-0.5011029411764707,-0.33382352941176474,0.33382352941176474,1.0,0.6666666666666666,0.4521656017298741,0.38588930451562226,0.5045278483742713,0.5074266336175267,-0.35841346153846165,0.17867990654205612,0.17867990654205612,1.0,-0.37222222222222234,0.2592592592592592,0.2592592592592592,1.0,0.5742973372781066,-0.8735946745562131,0.8735946745562131,0.0,0.4228515625,0.2433054393305439,0.2433054393305439,0.0,0.5054511278195488,0.7137931034482758,0.7137931034482758,0.0,-0.4422794117647059,-0.3102941176470588,0.3102941176470588,1.0,0.5
T4vVbaI7YaX8XlTABYItoXQ580l2,665e680164927b18554b66ec,control,0,asst_first,ASST,ROLEPLY,0.5220234546274471,0.5345947498793654,0.5173752774855034,0.36788922076966124,-0.0794392523364486,0.1163461538461538,0.1163461538461538,,0.023148148148148084,-0.1388888888888889,0.1388888888888889,1.0,0.01434911242603551,0.8589171974522293,0.8589171974522293,0.0,-0.9734571129707112,-0.5753138075313808,0.5753138075313808,1.0,-0.5648496240601503,0.6,0.6,1.0,-0.6011029411764706,-0.38014705882352934,0.38014705882352934,1.0,0.8,0.7302786784550532,0.5305404929235166,0.473229325768634,0.3900414672003968,-0.45841346153846163,-0.25753504672897193,0.25753504672897193,0.0,1.0277777777777777,0.6851851851851851,0.6851851851851851,0.0,-0.6257026627218933,-0.532396449704142,0.532396449704142,0.0,-0.3771484375,-0.7164794921875,0.7164794921875,0.0,-0.6945488721804511,-0.1024436090225564,0.1024436090225564,,0.9577205882352942,-0.02427745664739879,0.02427745664739879,1.0,0.2
Tc7vEJKtr8Ohvj9UYjdnq5bNpcg1,695ff609b31e1c2b3b6843ee,control,0,roleply_first,ROLEPLY,ASST,0.44480083234261025,0.6517642572319964,0.6485325742821334,0.7937117078561318,0.0415865384615384,0.32348130841121503,0.32348130841121503,1.0,0.7277777777777776,1.1166666666666665,1.1166666666666665,0.0,0.27429733727810657,0.4393312101910828,0.4393312101910828,0.0,-0.5771484375,0.578125,0.578125,1.0,-0.1945488721804511,-0.4041353383458647,0.4041353383458647,,0.4577205882352941,-0.6938419117647059,0.6938419117647059,1.0,0.6,0.7618946453441158,0.6724775351706335,0.5586679335123169,0.3863657913802313,0.9205607476635514,0.10384615384615381,0.10384615384615381,1.0,0.923148148148148,-0.5537037037037038,0.5537037037037038,1.0,-0.6856508875739645,0.5680473372781065,0.5680473372781065,1.0,-0.9734571129707112,-0.37656903765690386,0.37656903765690386,1.0,-0.0648496240601503,0.9517241379310344,0.9517241379310344,,-0.6011029411764706,0.4301470588235294,0.4301470588235294,,1.0
Thmz8WYYrDOHvshwf4QbKa0lKpD3,6715f06f11bee12130540557,single_turn,1,asst_first,ASST,ROLEPLY,0.5494067450703933,0.6472874946152777,0.8789656179256464,0.5878050049005942,-0.47943925233644863,0.0533653846153846,0.0533653846153846,,0.023148148148148084,0.7444444444444445,0.7444444444444445,0.0,0.6143491124260355,0.7834504437869824,0.7834504437869824,1.0,-0.9734571129707112,-1.0908203125,1.0908203125,0.0,-0.4648496240601503,-1.2962406015037595,1.2962406015037595,0.0,0.19889705882352937,-0.7710477941176471,0.7710477941176471,1.0,0.4,0.4231415617241933,0.7330069450017737,0.7107495872828766,0.6906690748214556,0.2415865384615384,0.4585280373831776,0.4585280373831776,1.0,0.8277777777777777,0.8333333333333333,0.8333333333333333,0.0,-0.3257026627218934,-0.4735270700636943,0.4735270700636943,1.0,0.12285156250000001,-1.1748046875,1.1748046875,0.0,0.005451127819548901,-0.6855263157894735,0.6855263157894735,0.0,0.4577205882352941,-0.2279411764705883,0.2279411764705883,1.0,0.5
U0ApkdFlOkPXsiGZYyCqVgq9F963,5b79dfb9db11320001c3d3f4,control,0,asst_first,ASST,ROLEPLY,0.7222026855089316,0.8290428089903521,0.8816891099269348,0.7782345131063051,0.22056074766355138,0.5890186915887851,0.5890186915887851,1.0,-0.7768518518518519,1.2129629629629628,1.2129629629629628,0.0,-0.1856508875739645,0.1425159235668789,0.1425159235668789,,-0.9734571129707112,-1.0390625,1.0390625,0.0,-1.0648496240601504,-1.1710526315789473,1.1710526315789473,0.0,-0.6011029411764706,-0.6121323529411765,0.6121323529411765,1.0,0.4,0.6488328702231596,0.7561098774551328,0.6903473442896668,0.7019844265535846,0.0415865384615384,-0.03125,0.03125,,0.4277777777777777,1.3518518518518519,1.3518518518518519,0.0,-1.0257026627218935,-0.9502388535031848,0.9502388535031848,1.0,-0.0771484375,-0.04541015625,0.04541015625,,0.40545112781954884,-0.037593984962406,0.037593984962406,,1.057720588235294,-0.3529411764705883,0.3529411764705883,1.0,0.6666666666666666
U0cD7bFwR4cOvW0DqLByWCI6o1z1,612fd3208d3decaf3ec80bcc,single_turn,1,roleply_first,ROLEPLY,ASST,0.4990040387408695,0.9871905467931272,1.062558394541889,1.0367709637548983,0.4415865384615384,0.8608173076923078,0.8608173076923078,0.0,0.4277777777777777,1.5148148148148146,1.5148148148148146,0.0,-0.1257026627218934,-0.8733280254777072,0.8733280254777072,1.0,-0.0771484375,0.5802734375,0.5802734375,1.0,-0.8945488721804511,-1.5526315789473686,1.5526315789473686,0.0,-0.5422794117647058,-0.4779411764705883,0.4779411764705883,1.0,0.5,0.41747746534229513,0.7766475031454103,0.8057490057380523,0.6861652721069622,0.5205607476635514,-0.7076923076923077,0.7076923076923077,1.0,0.5231481481481481,-0.47777777777777786,0.47777777777777786,1.0,0.6143491124260355,0.9312130177514792,0.9312130177514792,1.0,-0.1734571129707113,-0.6297071129707115,0.6297071129707115,1.0,-0.0648496240601503,1.2,1.2,0.0,0.29889705882352935,0.6801470588235294,0.6801470588235294,,0.8
Vlsx4Oc3ZNdfAygt8hW8bi1R4oz2,696e5a56d7a7cb7e8de48ef8,multi_turn,2,asst_first,ASST,ROLEPLY,0.6303459549498855,0.3955061190084252,0.5744175096955298,0.5508352249641323,0.6205607476635514,0.8120192307692307,0.8120192307692307,0.0,0.8231481481481481,-0.029629629629629672,0.029629629629629672,1.0,-0.7856508875739645,-0.7905325443786984,0.7905325443786984,0.0,-0.4734571129707113,0.5941422594142258,0.5941422594142258,,-0.5648496240601503,-0.4513157894736842,0.4513157894736842,0.0,-0.40110294117647066,-0.3712775735294118,0.3712775735294118,1.0,0.4,0.301140823595783,0.4475519377502941,0.1748220116537281,0.15844300148089438,0.0415865384615384,-0.14807692307692316,0.14807692307692316,1.0,0.4277777777777777,-0.1120370370370371,0.1120370370370371,1.0,-0.3257026627218934,-0.04319526627218934,0.04319526627218934,1.0,-0.0771484375,0.1665271966527196,0.1665271966527196,1.0,-0.1945488721804511,0.3448275862068966,0.3448275862068966,1.0,0.4577205882352941,0.01985294117647063,0.01985294117647063,1.0,1.0
VvfSFhVVCOanQX2DBgfFE7vnlXY2,669533c82c03a4d6320159d3,control,0,roleply_first,ROLEPLY,ASST,0.5637145361937084,0.741330910305545,0.7526128081156105,0.74270607708808,0.0415865384615384,0.6656542056074768,0.6656542056074768,1.0,1.1277777777777778,1.1611111111111112,1.1611111111111112,0.0,-0.6257026627218933,-0.5893312101910828,0.5893312101910828,1.0,0.4228515625,-0.875390625,0.875390625,0.0,-0.1945488721804511,-0.3740601503759398,0.3740601503759398,,0.1577205882352941,-0.5947610294117647,0.5947610294117647,1.0,0.6,0.7555682721010607,0.6795808716221493,0.7176045394175359,0.5326422436878594,0.7205607476635515,0.3773656542056075,0.3773656542056075,1.0,-0.47685185185185186,0.007407407407407418,0.007407407407407418,1.0,-0.48565088757396446,-0.34718934911242605,0.34718934911242605,0.0,-0.9734571129707112,-1.050537109375,1.050537109375,0.0,-1.0648496240601504,-1.087406015037594,1.087406015037594,0.0,-0.6011029411764706,-0.7352941176470589,0.7352941176470589,1.0,0.5
W2jbhEPitOdDmXSqxMCZM7c7ni23,698f9675b0a2c0885344c225,control,0,asst_first,ASST,ROLEPLY,0.6011025128980866,0.5138946300455163,0.6017123208850464,0.6650170168608651,0.22056074766355138,0.8826923076923077,0.8826923076923077,0.0,0.5231481481481481,0.9037037037037037,0.9037037037037037,0.0,0.21434911242603552,-0.4526627218934911,0.4526627218934911,,1.0265428870292888,-0.49581589958159,0.49581589958159,1.0,-0.7648496240601502,0.31729323308270685,0.31729323308270685,1.0,-0.40110294117647066,0.15845588235294117,0.15845588235294117,1.0,0.6,0.6415002353578884,0.727282031169134,0.7138127057356477,0.7828050558952795,-0.7584134615384617,0.1908653846153846,0.1908653846153846,0.0,0.6277777777777778,1.261111111111111,1.261111111111111,0.0,-0.5257026627218934,-0.8150887573964497,0.8150887573964497,0.0,-0.8771484375,-0.6401673640167365,0.6401673640167365,1.0,-0.49454887218045107,0.5172413793103448,0.5172413793103448,0.0,0.4577205882352941,-0.2976878612716763,0.2976878612716763,,0.2
Wp0jd5bzKifyrBYiUSG5IJbtNGU2,60fd6618f9a377f54dcdf318,control,0,asst_first,ASST,ROLEPLY,0.7396401291387701,0.6961818739958255,0.8540396485412456,0.9536531660191289,0.22056074766355138,0.6423076923076924,0.6423076923076924,0.0,0.5231481481481481,0.8518518518518519,0.8518518518518519,0.0,0.41434911242603545,0.1789940828402367,0.1789940828402367,1.0,-0.9734571129707112,1.016317991631799,1.016317991631799,0.0,0.6351503759398497,0.9478448275862068,0.9478448275862068,0.0,1.1988970588235295,1.129044117647059,1.129044117647059,0.0,0.16666666666666666,0.6246955502626417,0.8272568427503445,1.2391744948906387,0.9607913158942702,-0.25841346153846156,1.5961538461538463,1.5961538461538463,0.0,0.5277777777777777,1.3777777777777778,1.3777777777777778,0.0,-0.3257026627218934,-0.7357988165680474,0.7357988165680474,0.0,-1.0771484375,-0.32635983263598334,0.32635983263598334,1.0,-0.3945488721804511,2.0,2.0,0.0,0.7577205882352941,-0.34558823529411764,0.34558823529411764,1.0,0.3333333333333333
X0F71SknGqZeaTVlW7jNeqeicqk1,694589c2f55308a225b4e051,single_turn,1,roleply_first,ROLEPLY,ASST,0.5598157817485155,0.8618835128069032,0.8961337492011271,0.7835333918957258,-0.05841346153846161,-0.5134615384615385,0.5134615384615385,1.0,0.6277777777777778,1.5555555555555556,1.5555555555555556,0.0,0.27429733727810657,-0.36198224852071004,0.36198224852071004,0.0,-1.0771484375,-0.7322175732217574,0.7322175732217574,1.0,-0.1945488721804511,0.9862068965517242,0.9862068965517242,,0.4577205882352941,0.7036764705882352,0.7036764705882352,0.0,0.4,0.6476198237150542,0.5858428387118374,0.6199818048027438,0.5544745185414997,0.7205607476635515,0.6846153846153846,0.6846153846153846,,0.4231481481481481,-0.12777777777777782,0.12777777777777782,1.0,0.31434911242603547,0.6701183431952663,0.6701183431952663,1.0,-0.4734571129707113,-0.35983263598326365,0.35983263598326365,1.0,-1.0648496240601504,1.0,1.0,,-0.6011029411764706,-0.49264705882352944,0.49264705882352944,1.0,1.0
XEN4f71UE5Y3rBnXjm0UG2WSbJk1,5dacff17847579001715f610,single_turn,1,roleply_first,ROLEPLY,ASST,0.7058825990616079,0.6972367329812034,0.7696925983540698,0.705228981985086,0.5415865384615384,0.004205607476635453,0.004205607476635453,1.0,0.8277777777777777,1.1777777777777776,1.1777777777777776,0.0,0.17429733727810662,0.489171974522293,0.489171974522293,1.0,-1.0771484375,-1.34375,1.34375,0.0,-0.8945488721804511,-0.281296992481203,0.281296992481203,0.0,-0.14227941176470588,-0.20808823529411768,0.20808823529411768,1.0,0.5,0.5069518923548934,0.6807115044506775,0.6615928984025595,0.7167463961841553,0.7205607476635515,-0.09807692307692312,0.09807692307692312,1.0,0.2231481481481481,1.0777777777777777,1.0777777777777777,0.0,0.5143491124260354,0.5887573964497042,0.5887573964497042,1.0,-0.5734571129707112,-0.6485355648535565,0.6485355648535565,1.0,0.13515037593984972,0.2649906015037594,0.2649906015037594,1.0,-0.6011029411764706,-0.7858455882352942,0.7858455882352942,1.0,0.8333333333333334
XqYuKE0p5IPs5ArQ4mJhPlRkahD3,67204d218bd32593b8044c25,multi_turn,2,roleply_first,ROLEPLY,ASST,0.5283816235817467,0.6617666496696825,0.6607853750436143,0.7048699988230093,0.3415865384615384,0.36635514018691584,0.36635514018691584,1.0,0.3277777777777777,1.3666666666666667,1.3666666666666667,0.0,-0.6257026627218933,0.7471735668789807,0.7471735668789807,0.0,-0.3771484375,-0.01043701171875,0.01043701171875,,0.005451127819548901,0.22068965517241385,0.22068965517241385,1.0,0.9577205882352942,0.10367647058823526,0.10367647058823526,1.0,0.6,0.5131307127979131,0.5718731588770709,0.9891380844816732,0.7590496132848245,0.12056074766355142,1.1403846153846153,1.1403846153846153,0.0,0.923148148148148,1.648148148148148,1.648148148148148,0.0,-0.0856508875739645,0.433801775147929,0.433801775147929,1.0,-0.1734571129707113,0.4640167364016736,0.4640167364016736,0.0,-0.7648496240601502,0.9,0.9,1.0,-0.3011029411764706,0.8,0.8,1.0,0.5
Y4f7kYcpiBQfND05ZZ1Ptssu0gx2,668c3d366a81311ad96a480b,control,0,roleply_first,ROLEPLY,ASST,0.3597644690231123,0.34761834288719595,0.5013189053529238,0.38128666194464217,-0.05841346153846161,0.5903846153846153,0.5903846153846153,0.0,0.6277777777777778,0.7388888888888887,0.7388888888888887,0.0,-0.2257026627218934,-0.1062869822485207,0.1062869822485207,0.0,-0.0771484375,0.512133891213389,0.512133891213389,0.0,0.10545112781954888,0.579310344827586,0.579310344827586,1.0,0.5577205882352941,0.0650735294117647,0.0650735294117647,1.0,0.3333333333333333,0.3236017490718816,0.27119614752163407,0.371767067438736,0.44754216266757274,-0.17943925233644858,0.2317307692307692,0.2317307692307692,,-0.17685185185185193,0.4814814814814814,0.4814814814814814,0.0,0.5143491124260354,0.5201035031847133,0.5201035031847133,0.0,-0.3734571129707113,0.3221757322175732,0.3221757322175732,,-0.26484962406015033,0.12586206896551722,0.12586206896551722,1.0,-0.3011029411764706,-0.39191176470588246,0.39191176470588246,1.0,0.5
YhXE66Cv0mY860QKiESFJZoj1i82,69952c4a0bb463a74f843450,control,0,roleply_first,ROLEPLY,ASST,0.9273641016603092,1.0685933814673751,0.9765907570871029,0.9491379651879275,-0.25841346153846156,1.426923076923077,1.426923076923077,0.0,1.4277777777777776,1.387037037037037,1.387037037037037,0.0,-1.0257026627218935,-1.034948224852071,1.034948224852071,0.0,-0.6771484375,-0.492050209205021,0.492050209205021,1.0,-1.1945488721804511,-0.35862068965517235,0.35862068965517235,1.0,-0.34227941176470594,-0.5661764705882353,0.5661764705882353,1.0,0.5,0.8062336093089443,0.8481678899951016,0.9980592246040109,0.8835624312512657,0.6205607476635514,0.9741530373831776,0.9741530373831776,1.0,1.223148148148148,1.4962962962962962,1.4962962962962962,0.0,-1.1856508875739644,-0.2510355029585798,0.2510355029585798,0.0,-0.3734571129707113,-0.746484375,0.746484375,0.0,0.33515037593984975,-1.1851503759398496,1.1851503759398496,0.0,-0.6011029411764706,-0.8740808823529412,0.8740808823529412,1.0,0.3333333333333333
ZfvpvBJfmGY9RiTDODfjRmwt2zI2,69b995ce593993a3a6a5fa30,single_turn,1,roleply_first,ROLEPLY,ASST,0.4102098533754009,0.4532297693798577,0.607009066922802,0.4997651793343095,-0.45841346153846163,0.3985576923076923,0.3985576923076923,0.0,0.4277777777777777,0.7574074074074073,0.7574074074074073,0.0,0.3742973372781066,-0.6204142011834319,0.6204142011834319,0.0,-0.0771484375,0.4725941422594142,0.4725941422594142,0.0,-0.1945488721804511,-0.6593984962406015,0.6593984962406015,0.0,0.6577205882352941,-0.6596820809248554,0.6596820809248554,0.0,0.0,0.4095983492672638,0.6752501037539912,0.6020843531127893,0.31937732003393876,-0.47943925233644863,-0.351923076923077,0.351923076923077,1.0,-0.2768518518518519,-0.24814814814814823,0.24814814814814823,1.0,0.41434911242603545,0.6143491124260355,0.6143491124260355,1.0,-0.5734571129707112,-1.069921875,1.069921875,0.0,0.43515037593984973,-0.6357758620689655,0.6357758620689655,1.0,-0.10110294117647062,-0.25147058823529417,0.25147058823529417,1.0,0.8333333333333334
aYgiGecKLGOgMFaKdq1ZW778yxw1,677743bf62e157794cf97ff4,multi_turn,2,roleply_first,ROLEPLY,ASST,0.3340891527694096,0.43932904936011097,0.6341468470925566,0.4247397233303127,0.1415865384615384,0.0251201923076923,0.0251201923076923,,0.2277777777777777,1.2777777777777777,1.2777777777777777,0.0,-0.3257026627218934,0.7394904458598726,0.7394904458598726,0.0,-0.0771484375,-0.1416015625,0.1416015625,,-0.6945488721804511,-0.3785714285714286,0.3785714285714286,0.0,0.05772058823529408,0.26323529411764723,0.26323529411764723,1.0,0.25,0.41939125844391323,0.3884549419825428,0.4236798468354225,0.2013864968262525,0.22056074766355138,0.1326923076923077,0.1326923076923077,,-0.17685185185185193,-0.0888888888888889,0.0888888888888889,1.0,0.01434911242603551,-0.04556213017751479,0.04556213017751479,1.0,-0.7734571129707113,-0.20502092050209209,0.20502092050209209,1.0,-0.4648496240601503,-0.7513157894736842,0.7513157894736842,0.0,-0.40110294117647066,-0.6655330882352941,0.6655330882352941,1.0,0.8
af7wkq17xeOdb52dMHRzvyozdNg2,678b2a59231a08a70176d425,control,0,asst_first,ASST,ROLEPLY,0.7191720235128287,0.7247643985224014,0.836768030105898,0.7450636807887938,0.5205607476635514,0.2540865384615384,0.2540865384615384,0.0,1.0231481481481481,1.3555555555555556,1.3555555555555556,0.0,-0.1856508875739645,0.12100591715976339,0.12100591715976339,1.0,-0.9734571129707112,-0.6317991631799165,0.6317991631799165,1.0,-0.6648496240601502,-1.0488721804511278,1.0488721804511278,0.0,-0.6011029411764706,-0.8860294117647058,0.8860294117647058,1.0,0.5,0.6282102813044822,0.7451471812859066,0.9798191207788067,0.858939580877819,0.4415865384615384,1.4615384615384617,1.4615384615384617,0.0,0.8277777777777777,1.098148148148148,1.098148148148148,0.0,-0.7257026627218933,-0.8886094674556213,0.8886094674556213,0.0,-0.0771484375,0.4916317991631798,0.4916317991631798,,-0.1945488721804511,0.7,0.7,1.0,0.9577205882352942,0.9470588235294117,0.9470588235294117,0.0,0.2
bK8PBw58gxW22xQUP3dlFXke3s42,5dd299a27f1bbf2a83554ecf,single_turn,1,asst_first,ASST,ROLEPLY,0.3207865402987908,0.5373850068480347,0.49507997909592144,0.43231735683235234,0.020560747663551412,-0.09903846153846158,0.09903846153846158,1.0,0.5231481481481481,0.9925925925925925,0.9925925925925925,0.0,0.31434911242603547,0.5801775147928994,0.5801775147928994,1.0,-0.1734571129707113,-0.33556485355648547,0.33556485355648547,1.0,0.2351503759398497,0.08275862068965523,0.08275862068965523,1.0,0.3988970588235294,-0.13970588235294118,0.13970588235294118,1.0,0.8333333333333334,0.6206462197016277,0.5562966237201307,0.6093139317329044,0.4838087679972442,-0.6584134615384616,0.8269230769230769,0.8269230769230769,0.0,-0.17222222222222228,0.937037037037037,0.937037037037037,0.0,-0.0257026627218934,0.132484076433121,0.132484076433121,1.0,-0.4771484375,-0.5378661087866109,0.5378661087866109,1.0,-0.1945488721804511,-0.4084586466165413,0.4084586466165413,0.0,1.2577205882352942,0.43823529411764706,0.43823529411764706,1.0,0.5
bPStoEWRCqbCBVBPU7EiU56nHhD2,655a546e15e533cb7b6c6cb8,control,0,roleply_first,ROLEPLY,ASST,0.6607929707501611,0.6482277844093514,0.6920746427868338,0.6104127791396775,0.3415865384615384,-0.2911214953271029,0.2911214953271029,1.0,1.0277777777777777,1.0296296296296297,1.0296296296296297,0.0,-0.3257026627218934,0.14363057324840758,0.14363057324840758,1.0,-1.0771484375,-1.0294921875,1.0294921875,0.0,-0.3945488721804511,-0.6650375939849624,0.6650375939849624,0.0,0.1577205882352941,0.4540441176470588,0.4540441176470588,,0.4,0.4584094301267814,0.4834894207009021,0.5912350954088216,0.4820593715380394,-0.47943925233644863,-0.2709134615384616,0.2709134615384616,1.0,-0.0768518518518519,0.09259259259259256,0.09259259259259256,1.0,0.31434911242603547,0.9012738853503184,0.9012738853503184,0.0,-0.8734571129707113,-0.9252092050209206,0.9252092050209206,1.0,-0.0648496240601503,0.5413793103448277,0.5413793103448277,1.0,0.3988970588235294,0.23235294117647054,0.23235294117647054,1.0,0.8333333333333334
bSJbc7f1XscFzbt5XmOgBrkuCqG3,670a0a98237adcfed719f255,multi_turn,2,asst_first,ASST,ROLEPLY,0.4575597426206735,0.5915192033013713,0.2808337216523486,0.47927931003518554,0.3205607476635514,-0.08846153846153848,0.08846153846153848,1.0,-0.3768518518518519,0.22592592592592586,0.22592592592592586,1.0,-0.8856508875739645,0.5144970414201184,0.5144970414201184,1.0,0.0265428870292887,0.32384937238493716,0.32384937238493716,1.0,-0.4648496240601503,0.0,0.0,1.0,-0.10110294117647062,0.21154641544117642,0.21154641544117642,0.0,0.8333333333333334,0.5058709902377567,0.5353354415069682,0.21890712335573745,0.20639308636456868,-0.5584134615384616,0.015384615384615441,0.015384615384615441,1.0,0.1277777777777777,-0.25555555555555565,0.25555555555555565,1.0,0.6742973372781066,0.1144970414201184,0.1144970414201184,1.0,-0.3771484375,-0.20460251046025107,0.20460251046025107,1.0,-0.6945488721804511,0.12758620689655165,0.12758620689655165,1.0,0.35772058823529407,0.38823529411764707,0.38823529411764707,1.0,1.0
bhSHfkqLBOdptIhhvxev71MDTeC2,62e97dfea1a1ef00cb9f0b10,multi_turn,2,asst_first,ASST,ROLEPLY,0.3191332398227851,0.47832746386565017,0.7063906333617886,0.6195923100998432,0.12056074766355142,0.6177884615384615,0.6177884615384615,0.0,0.3231481481481481,1.1851851851851851,1.1851851851851851,0.0,-0.5856508875739646,-0.4539940828402366,0.4539940828402366,0.0,0.1265428870292887,-0.0458984375,0.0458984375,,-0.3648496240601503,-0.9266917293233081,0.9266917293233081,0.0,-0.0011029411764706398,-0.375,0.375,1.0,0.2,0.42105615350844794,0.6813148106411492,0.7996305412188555,0.7304065848632765,-0.25841346153846156,0.6673076923076924,0.6673076923076924,0.0,0.1277777777777777,1.5444444444444443,1.5444444444444443,0.0,-0.42570266272189344,-0.12929936305732492,0.12929936305732492,1.0,-0.0771484375,-0.06757812499999999,0.06757812499999999,1.0,-0.6945488721804511,-0.9714285714285715,0.9714285714285715,0.0,0.5577205882352941,0.20220588235294112,0.20220588235294112,1.0,0.5
c2Fhj8WqwUP4tkKrXN79DKkQZg13,69a82e484e9029ef1a4a99d4,control,0,asst_first,ASST,ROLEPLY,0.5936045631090036,0.7532461614810516,0.8886892904578084,0.9934286232663632,0.6205607476635514,1.0,1.0,0.0,0.5231481481481481,1.4296296296296296,1.4296296296296296,0.0,0.11434911242603549,0.13313609467455623,0.13313609467455623,1.0,0.3265428870292887,1.2803347280334727,1.2803347280334727,0.0,0.8351503759398498,0.07105263157894742,0.07105263157894742,1.0,0.7988970588235293,0.18094291907514462,0.18094291907514462,1.0,0.5,0.8334057069985362,0.7418167566134046,0.502877940858651,0.735090924441782,0.8415865384615384,1.0038461538461538,1.0038461538461538,0.0,1.1277777777777778,0.005421686746988008,0.005421686746988008,1.0,0.9742973372781066,0.39171597633136096,0.39171597633136096,1.0,0.12285156250000001,0.5707112970711297,0.5707112970711297,0.0,0.8054511278195489,0.1731203007518797,0.1731203007518797,1.0,0.7577205882352941,-0.021387283236994237,0.021387283236994237,1.0,0.6666666666666666
cNAXXKm1J2bk0VcW5E1USSc1QDA3,66042d8fc8f0421abb8ecf06,control,0,roleply_first,ROLEPLY,ASST,0.5842947567576138,0.8856142532562101,0.9012342520862224,0.8728705216697623,0.5415865384615384,1.3826923076923077,1.3826923076923077,0.0,-0.17222222222222228,1.2333333333333334,1.2333333333333334,0.0,0.8742973372781067,-0.9573224852071005,0.9573224852071005,0.0,-0.0771484375,-0.598326359832636,0.598326359832636,1.0,-0.1945488721804511,-0.1057330827067669,0.1057330827067669,,0.9577205882352942,-0.3933823529411765,0.3933823529411765,1.0,0.4,0.649797425027734,0.670342438768395,0.873651993192182,0.6867934385858373,-0.0794392523364486,0.8826923076923077,0.8826923076923077,0.0,0.2231481481481481,0.5592592592592592,0.5592592592592592,,-0.1856508875739645,0.7431952662721895,0.7431952662721895,1.0,-0.9734571129707112,-1.0247802734375,1.0247802734375,0.0,-1.0648496240601504,-1.1,1.1,0.0,-0.6011029411764706,-0.8216911764705883,0.8216911764705883,1.0,0.4
cUbml7NoRTRvonnH1aFqJd37Sdx1,5eace152e25d6800091dd418,multi_turn,2,asst_first,ASST,ROLEPLY,0.3479671948123354,0.2481156403850913,0.5068211296442472,0.4105169257785709,0.3205607476635514,0.9423076923076923,0.9423076923076923,0.0,0.6231481481481481,0.4851851851851852,0.4851851851851852,1.0,0.01434911242603551,-0.5053254437869823,0.5053254437869823,0.0,-0.3734571129707113,-0.0983263598326361,0.0983263598326361,1.0,0.2351503759398497,0.3862068965517241,0.3862068965517241,,-0.2011029411764706,-0.060661764705882415,0.060661764705882415,1.0,0.6,0.7007926272229705,0.6046594889460069,0.6063240929389145,0.5678917473625646,-0.35841346153846165,0.08461538461538459,0.08461538461538459,1.0,0.9277777777777777,1.1037037037037036,1.1037037037037036,0.0,-0.42570266272189344,-0.3299363057324841,0.3299363057324841,1.0,-0.4771484375,-0.2667887029288703,0.2667887029288703,1.0,-0.7945488721804511,0.17586206896551726,0.17586206896551726,1.0,0.9577205882352942,0.8772058823529412,0.8772058823529412,0.0,0.6666666666666666
ccpXnZi2ViNvU4wciMYdRnC5hLx2,60f32eb8d0fa43b7850ae16b,multi_turn,2,roleply_first,ROLEPLY,ASST,0.2849589192981394,0.6607746891632008,0.6521528301449699,0.6346842050498264,-0.25841346153846156,1.1153846153846152,1.1153846153846152,0.0,0.4277777777777777,0.8999999999999999,0.8999999999999999,0.0,-0.2257026627218934,-0.1353503184713376,0.1353503184713376,1.0,-0.0771484375,-0.689453125,0.689453125,0.0,-0.3945488721804511,-0.06379310344827588,0.06379310344827588,1.0,0.1577205882352941,0.0014705882352941124,0.0014705882352941124,1.0,0.5,0.2109167551663379,0.5066882630745126,0.556708467916781,0.44084420436920563,-0.0794392523364486,0.1432692307692307,0.1432692307692307,,0.12314814814814809,0.35185185185185175,0.35185185185185175,1.0,-0.0856508875739645,0.5047337278106508,0.5047337278106508,1.0,-0.2734571129707113,-0.5334728033472804,0.5334728033472804,1.0,-0.0648496240601503,-0.9187969924812031,0.9187969924812031,0.0,0.3988970588235294,-0.5759191176470588,0.5759191176470588,1.0,0.8
ckg2NcVYs4ManKsw8W2Gx1T9jYw1,67edb211a7c1d23c1535d6b2,multi_turn,2,asst_first,ASST,ROLEPLY,0.6540341093846418,0.8751690198836874,0.886241953164708,0.8929614454096271,0.4205607476635514,1.1490384615384615,1.1490384615384615,0.0,-0.6768518518518519,-0.5666666666666667,0.5666666666666667,1.0,0.7143491124260355,-0.45828402366863896,0.45828402366863896,0.0,-0.9734571129707112,-0.917887029288703,0.917887029288703,1.0,0.33515037593984975,-0.1597744360902255,0.1597744360902255,,-0.6011029411764706,1.4117647058823528,1.4117647058823528,0.0,0.4,0.7925361123023326,0.9048902203207401,0.9198773310436321,0.8355694231617844,-0.6584134615384616,1.0576923076923075,1.0576923076923075,0.0,1.2277777777777779,1.2814814814814814,1.2814814814814814,0.0,-0.6257026627218933,-0.6065088757396448,0.6065088757396448,0.0,-0.0771484375,-0.5263598326359833,0.5263598326359833,1.0,-1.1945488721804511,-1.2699248120300752,1.2699248120300752,0.0,0.05772058823529408,-0.24191176470588238,0.24191176470588238,1.0,0.3333333333333333
ctIQAYlHGjZYofiNUTB5tEs5Xp92,654455ad0b76675379c66db4,control,0,roleply_first,ROLEPLY,ASST,0.4635121469289962,0.31855456917483943,0.614232008411024,0.5492325346778807,-0.15841346153846161,0.7384615384615384,0.7384615384615384,0.0,0.9277777777777777,0.39259259259259255,0.39259259259259255,1.0,0.4742973372781066,-0.3298816568047337,0.3298816568047337,,-0.3771484375,0.9656903765690377,0.9656903765690377,0.0,0.10545112781954888,0.7,0.7,1.0,0.1577205882352941,-0.18125000000000002,0.18125000000000002,1.0,0.6,0.31404823640737073,0.3850185865224476,0.734177216156138,0.5716391958657547,0.22056074766355138,0.7961538461538462,0.7961538461538462,0.0,-0.0768518518518519,1.2074074074074073,1.2074074074074073,0.0,-0.5856508875739646,-0.48284023668639053,0.48284023668639053,0.0,0.2265428870292887,0.2416317991631799,0.2416317991631799,,-0.3648496240601503,0.7,0.7,1.0,0.0988970588235294,0.6007352941176469,0.6007352941176469,1.0,0.4
cvIPweNYDaZ5lzZqwVQ07KA3wGw2,5dd1df8fb48da3240ca85c45,multi_turn,2,roleply_first,ROLEPLY,ASST,0.47754484515392304,0.5095063050984125,0.673684783163878,0.5388601333761188,0.3415865384615384,1.1,1.1,0.0,0.3277777777777777,0.9777777777777776,0.9777777777777776,0.0,-0.7257026627218933,-0.2411242603550296,0.2411242603550296,,-0.6771484375,0.09414225941422583,0.09414225941422583,1.0,-0.3945488721804511,0.7,0.7,1.0,0.05772058823529408,-0.007352941176470618,0.007352941176470618,1.0,0.6,0.32397926264138993,0.5454109266518337,0.5617496234614595,0.5622007956541896,0.020560747663551412,0.9230769230769231,0.9230769230769231,0.0,-0.47685185185185186,0.673148148148148,0.673148148148148,0.0,-0.1856508875739645,-0.2810650887573964,0.2810650887573964,,-0.4734571129707113,-0.1087866108786611,0.1087866108786611,1.0,-0.3648496240601503,0.30000000000000004,0.30000000000000004,1.0,-0.10110294117647062,-0.6382352941176471,0.6382352941176471,1.0,0.6
d2aAwu39BZcWg16TZtV75dbVIYh1,699a17a6149f8e934246720a,control,0,asst_first,ASST,ROLEPLY,0.3910567063478307,0.24623008277493,0.24146610963860035,0.3352821743326116,0.22056074766355138,0.13076923076923075,0.13076923076923075,1.0,0.5231481481481481,0.27777777777777773,0.27777777777777773,1.0,-0.48565088757396446,0.1272189349112426,0.1272189349112426,1.0,-0.1734571129707113,0.2332635983263598,0.2332635983263598,,-0.5648496240601503,0.01860902255639102,0.01860902255639102,1.0,-0.10110294117647062,-0.4296875,0.4296875,1.0,1.0,0.6771106926162725,0.26816352965359663,0.8192979303250545,0.6226277571234136,0.7415865384615383,0.7009615384615384,0.7009615384615384,0.0,1.1277777777777778,-0.2814814814814815,0.2814814814814815,1.0,-0.7257026627218933,-0.3372781065088757,0.3372781065088757,,0.6228515625,0.6497907949790795,0.6497907949790795,0.0,0.10545112781954888,1.0379310344827588,1.0379310344827588,0.0,0.05772058823529408,-1.3578034682080924,1.3578034682080924,0.0,0.2
d5HfVcXE5bbYbe17ge5JBg7usE63,5fb9b9c1c62f408e51e09e32,single_turn,1,roleply_first,ROLEPLY,ASST,0.8061620396697785,0.9677004741100576,0.8785967579543724,0.8426555078928208,-0.25841346153846156,0.6526869158878504,0.6526869158878504,1.0,1.2277777777777779,1.0203703703703704,1.0203703703703704,0.0,-0.9257026627218934,-0.8398885350318472,0.8398885350318472,1.0,-0.3771484375,-0.9928085774058578,0.9928085774058578,1.0,-1.094548872180451,-1.1240601503759398,1.1240601503759398,0.0,0.35772058823529407,-0.45808823529411774,0.45808823529411774,1.0,0.6666666666666666,0.46771114767557187,0.8717147669350547,0.6655144466908554,0.660636259934465,0.12056074766355142,-0.15000000000000013,0.15000000000000013,1.0,-0.7768518518518519,1.325925925925926,1.325925925925926,0.0,0.8143491124260355,-0.38698224852071006,0.38698224852071006,0.0,-0.1734571129707113,-0.14644351464435157,0.14644351464435157,1.0,0.03515037593984971,-0.6120689655172413,0.6120689655172413,1.0,-0.0011029411764706398,-0.5753676470588236,0.5753676470588236,1.0,0.6666666666666666
eMLW73mr9wYxvigQ6Oj1F7uIkN92,6696fd1fb46668008566a9bd,control,0,roleply_first,ROLEPLY,ASST,1.0950083351054278,0.8267641801206231,0.5815291851968606,0.6602799187917918,-0.45841346153846163,-0.09615384615384615,0.09615384615384615,1.0,1.3277777777777777,0.9555555555555555,0.9555555555555555,0.0,-1.0257026627218935,-0.350887573964497,0.350887573964497,0.0,-1.0771484375,-0.6443514644351465,0.6443514644351465,1.0,-1.1945488721804511,-0.09310344827586203,0.09310344827586203,1.0,1.2577205882352942,0.7481617647058822,0.7481617647058822,0.0,0.5,0.6480569378762411,0.7608152557296727,0.6388336388762388,0.4153489940108001,0.6205607476635514,-0.26538461538461544,0.26538461538461544,1.0,-0.3768518518518519,0.08148148148148138,0.08148148148148138,1.0,0.31434911242603547,0.5976331360946745,0.5976331360946745,1.0,-0.9734571129707112,-0.2426778242677825,0.2426778242677825,1.0,-0.7648496240601502,-0.7482758620689656,0.7482758620689656,1.0,-0.6011029411764706,-1.18135838150289,1.18135838150289,0.0,0.8333333333333334
eRDKzn8a7DM5Bvra56Cq3cjijcG2,6825af939111d286546fdde6,multi_turn,2,asst_first,ASST,ROLEPLY,0.35473192823963157,0.5834243795760091,0.6924691308019162,0.609690407446273,0.3205607476635514,1.3615384615384616,1.3615384615384616,0.0,-0.3768518518518519,-0.362962962962963,0.362962962962963,1.0,0.01434911242603551,-0.8002958579881657,0.8002958579881657,0.0,-0.1734571129707113,0.2489539748953975,0.2489539748953975,1.0,-0.5648496240601503,0.4,0.4,1.0,-0.40110294117647066,-0.1705882352941176,0.1705882352941176,1.0,0.6666666666666666,0.20206132749030675,0.607811133899787,0.6090639794488794,0.5374068207827561,0.0415865384615384,1.1903846153846154,1.1903846153846154,0.0,0.4277777777777777,-0.21666666666666667,0.21666666666666667,1.0,0.07429733727810661,-0.4905325443786983,0.4905325443786983,0.0,0.12285156250000001,-0.46778242677824267,0.46778242677824267,1.0,-0.1945488721804511,-0.27413793103448275,0.27413793103448275,1.0,-0.0422794117647059,-0.47665441176470585,0.47665441176470585,1.0,0.6666666666666666
eVewqnKoDkef0Ju7Q5ppeNzIdxe2,5c747b0f181ad300113363ed,control,0,roleply_first,ROLEPLY,ASST,0.3720634569002341,0.4758406235401515,0.5183718223159558,0.5332710639905167,-0.35841346153846165,0.6807692307692308,0.6807692307692308,0.0,0.02777777777777768,0.7888888888888888,0.7888888888888888,0.0,0.4742973372781066,0.4802144970414202,0.4802144970414202,1.0,-0.0771484375,0.4489539748953974,0.4489539748953974,0.0,-0.1945488721804511,0.146551724137931,0.146551724137931,,0.6577205882352941,0.2698529411764706,0.2698529411764706,1.0,0.4,0.3567493448418035,0.3974340642961406,0.3948908685180808,0.2977448417240438,0.4205607476635514,0.3653846153846154,0.3653846153846154,,0.6231481481481481,0.07407407407407396,0.07407407407407396,1.0,-0.2856508875739645,0.3668639053254438,0.3668639053254438,1.0,0.2265428870292887,-0.3238493723849373,0.3238493723849373,1.0,0.2351503759398497,-0.7334586466165413,0.7334586466165413,0.0,-0.10110294117647062,-0.1386029411764706,0.1386029411764706,1.0,0.8
eZLEbgRhsbN8t0D73XYUsPK961L2,5fd23ecda6599f06a53f4f62,single_turn,1,roleply_first,ROLEPLY,ASST,0.6838454808276494,0.8180375090575731,0.8315883108404832,0.7532308647335404,-0.25841346153846156,-0.1990384615384616,0.1990384615384616,1.0,-0.17222222222222228,0.9296296296296296,0.9296296296296296,0.0,-0.6257026627218933,0.06305732484076432,0.06305732484076432,1.0,-0.8771484375,-0.99423828125,0.99423828125,0.0,-0.7945488721804511,-0.8231203007518797,0.8231203007518797,0.0,0.9577205882352942,1.2551470588235294,1.2551470588235294,0.0,0.3333333333333333,0.6149047804775875,0.7316796482911752,0.8947141890799923,0.6815300486245519,-0.3794392523364486,0.4225961538461538,0.4225961538461538,0.0,0.8231481481481481,1.0518518518518518,1.0518518518518518,0.0,0.6143491124260355,0.3914201183431953,0.3914201183431953,1.0,-0.8734571129707113,-0.900946044921875,0.900946044921875,0.0,-0.4648496240601503,-1.456390977443609,1.456390977443609,0.0,-0.3011029411764706,-0.6573529411764706,0.6573529411764706,1.0,0.3333333333333333
eusA9T8Xf9ZwR4mJMvf9xrgMNIZ2,66f8522292767238ed42ebbd,single_turn,1,asst_first,ASST,ROLEPLY,0.41147341024595857,0.5322660084417855,0.5446346158715288,0.5697861681560498,-0.3794392523364486,0.3189252336448598,0.3189252336448598,1.0,0.023148148148148084,0.787037037037037,0.787037037037037,0.0,-0.0856508875739645,0.5628980891719745,0.5628980891719745,0.0,0.0265428870292887,0.077928870292887,0.077928870292887,,0.2351503759398497,-0.47931034482758617,0.47931034482758617,1.0,0.8988970588235294,-0.7113051470588236,0.7113051470588236,1.0,0.6,0.5386170879923774,0.24620240869937524,0.5592466371713277,0.32713777250781373,-0.15841346153846161,0.7576923076923077,0.7576923076923077,0.0,1.1277777777777778,0.3518518518518518,0.3518518518518518,1.0,-0.42570266272189344,0.3735207100591716,0.3735207100591716,1.0,0.12285156250000001,-0.0017929077148437,0.0017929077148437,,-0.1945488721804511,1.0,1.0,,0.4577205882352941,0.1977941176470589,0.1977941176470589,1.0,0.75
fA1srRi7DrYKni1tg4QQStmvEMA2,5c7cf8b58ca9000001b52f6e,multi_turn,2,roleply_first,ROLEPLY,ASST,0.5948750224192342,0.8308325502631954,0.7465852126716308,0.7011818906485929,0.3415865384615384,0.4581730769230769,0.4581730769230769,0.0,0.7277777777777776,1.151851851851852,1.151851851851852,0.0,-0.6257026627218933,-0.5588757396449704,0.5588757396449704,0.0,-0.7771484375,-0.6255230125523012,0.6255230125523012,1.0,-0.5945488721804512,-0.6327586206896552,0.6327586206896552,1.0,0.35772058823529407,-0.8388367052023121,0.8388367052023121,0.0,0.3333333333333333,0.6087093097957751,0.7287885964392046,0.6290033895440283,0.5699310518740179,0.12056074766355142,-0.21923076923076934,0.21923076923076934,1.0,0.8231481481481481,0.5037037037037037,0.5037037037037037,0.0,0.21434911242603552,0.6124260355029586,0.6124260355029586,1.0,-0.9734571129707112,0.0,0.0,1.0,0.5351503759398497,1.3,1.3,0.0,-0.5011029411764707,-0.08382352941176474,0.08382352941176474,1.0,0.6666666666666666
fIzKo8jWMROSjXoFw9Dh3Loa0iz2,6266a599c7361af8b51a95e0,control,0,asst_first,ASST,ROLEPLY,0.6547208500213465,0.746068694209935,0.5057254297652588,0.5353934936824164,0.6205607476635514,0.6076923076923078,0.6076923076923078,,-0.576851851851852,-0.1777777777777778,0.1777777777777778,1.0,-0.8856508875739645,0.5207100591715976,0.5207100591715976,1.0,-0.9734571129707112,-0.32635983263598334,0.32635983263598334,1.0,0.33515037593984975,0.0,0.0,1.0,0.0988970588235294,-0.8694852941176471,0.8694852941176471,1.0,1.0,0.7208568993839956,0.7023105667771463,0.8321070211720484,0.7644831968875353,-0.6584134615384616,0.3382211538461538,0.3382211538461538,0.0,-0.5722222222222223,-0.7111111111111112,0.7111111111111112,1.0,0.9742973372781066,-1.1020710059171597,1.1020710059171597,0.0,-1.0771484375,-1.111328125,1.111328125,0.0,-0.1945488721804511,0.025751879699248206,0.025751879699248206,1.0,0.4577205882352941,-1.0411849710982657,1.0411849710982657,0.0,0.3333333333333333
fm7u4DGEsrWI4yQjwRE7x1XeaPu1,69b9795490edc6725cf4f5c8,multi_turn,2,roleply_first,ROLEPLY,ASST,0.896491832117884,0.8804988182835619,0.8659820118548058,0.8627589773871567,-0.5584134615384616,0.6995192307692306,0.6995192307692306,0.0,1.2277777777777779,1.374074074074074,1.374074074074074,0.0,-0.7257026627218933,-0.9713757396449705,0.9713757396449705,0.0,-0.8771484375,-0.88056640625,0.88056640625,0.0,0.6054511278195489,-0.5275862068965518,0.5275862068965518,1.0,1.1577205882352941,-0.35330882352941184,0.35330882352941184,1.0,0.3333333333333333,0.6964426540414536,0.9013601384079428,0.7386336887059408,0.5786351161172186,-0.8794392523364486,-0.6557692307692309,0.6557692307692309,1.0,-0.576851851851852,-0.34444444444444455,0.34444444444444455,1.0,0.7143491124260355,0.5769230769230769,0.5769230769230769,1.0,0.0265428870292887,-0.6736401673640168,0.6736401673640168,1.0,-1.0648496240601504,-0.8181034482758621,0.8181034482758621,1.0,0.3988970588235294,-1.1264450867052023,1.1264450867052023,0.0,0.8333333333333334
fzUy9KkrbBhYCREXGTdiV4zbPyq1,66d5d931d3a66fa93bdfddb9,control,0,asst_first,ASST,ROLEPLY,0.528279172953949,0.8576223154815072,0.76595613845695,0.8857539355003756,0.7205607476635515,-0.971875,0.971875,1.0,-0.7768518518518519,-0.4851851851851853,0.4851851851851853,1.0,0.31434911242603547,0.673076923076923,0.673076923076923,1.0,0.0265428870292887,-0.854602510460251,0.854602510460251,1.0,-0.6648496240601502,1.0359913793103448,1.0359913793103448,0.0,-0.10110294117647062,-0.2890173410404624,0.2890173410404624,,0.8,0.47266962864451445,0.4155479377927826,0.5414241793002816,0.49466201049615965,0.0415865384615384,0.7557692307692306,0.7557692307692306,0.0,0.4277777777777777,0.5,0.5,,0.3742973372781066,-0.7834319526627218,0.7834319526627218,0.0,-0.0771484375,0.2112970711297071,0.2112970711297071,,-0.8945488721804511,0.324812030075188,0.324812030075188,1.0,0.4577205882352941,-0.4168198529411765,0.4168198529411765,1.0,0.5
gXN4nuQcLVTKIqnC00ol7H5pCWv1,69c588bfea2f0214d7ceeb28,single_turn,1,roleply_first,ROLEPLY,ASST,0.509357759086598,0.5367915798958924,0.32006631404268066,0.3893733668539177,-0.15841346153846161,-0.21826923076923077,0.21826923076923077,1.0,0.5277777777777777,0.187037037037037,0.187037037037037,1.0,0.5742973372781066,0.460207100591716,0.460207100591716,1.0,-0.0771484375,-0.05517578125,0.05517578125,,0.005451127819548901,-0.2695488721804511,0.2695488721804511,0.0,0.9577205882352942,0.4945086705202313,0.4945086705202313,1.0,0.8,0.5174498125521507,0.21842404887733577,0.2540003534470289,0.21941067559753108,0.5205607476635514,0.148076923076923,0.148076923076923,1.0,0.6231481481481481,-0.037962962962963004,0.037962962962963004,1.0,-0.7856508875739645,0.2322485207100592,0.2322485207100592,1.0,0.0265428870292887,-0.011297071129707181,0.011297071129707181,1.0,-0.5648496240601503,0.4344827586206897,0.4344827586206897,1.0,-0.10110294117647062,-0.3476878612716763,0.3476878612716763,0.0,0.8333333333333334
gaHna7UupEOBLPssIg5foo3A49y1,6995ebe917abe5d36a3b17e0,control,0,roleply_first,ROLEPLY,ASST,0.6588841907884936,0.773868258251787,0.8093025456447078,0.6559844475013602,-0.35841346153846165,0.14392523364485982,0.14392523364485982,1.0,0.9277777777777777,1.3703703703703702,1.3703703703703702,0.0,-0.6257026627218933,-0.21910828025477708,0.21910828025477708,1.0,-0.0771484375,-0.699609375,0.699609375,0.0,-0.6945488721804511,-1.199248120300752,1.199248120300752,0.0,0.8577205882352941,0.2356617647058823,0.2356617647058823,1.0,0.5,0.7122657777056349,0.8062761549338696,0.42272171352701077,0.3960267016083299,-0.3794392523364486,0.0,0.0,1.0,-0.576851851851852,-0.8361111111111112,0.8361111111111112,1.0,0.7143491124260355,0.5532544378698225,0.5532544378698225,1.0,-0.9734571129707112,0.0,0.0,1.0,-0.8648496240601503,0.0,0.0,1.0,-0.6011029411764706,-0.2588235294117647,0.2588235294117647,1.0,1.0
hDqHxHpQ1OfbVilDOfDwxIrmsWU2,5f6f44e9451a3b0836b5d32c,single_turn,1,roleply_first,ROLEPLY,ASST,0.6318698052868889,0.6095322348292512,0.470973522971745,0.5608541184125039,-0.5584134615384616,0.5659754672897197,0.5659754672897197,1.0,0.4277777777777777,0.774074074074074,0.774074074074074,0.0,-0.6257026627218933,-0.5802547770700637,0.5802547770700637,1.0,-0.3771484375,-0.1555439330543934,0.1555439330543934,1.0,-0.7945488721804511,-0.11379310344827592,0.11379310344827592,1.0,0.8577205882352941,-0.19374999999999998,0.19374999999999998,1.0,0.8333333333333334,0.34424690119828144,0.2938037039482811,0.37966597511252015,0.23549180541570522,0.6205607476635514,0.4749999999999999,0.4749999999999999,0.0,0.023148148148148084,0.16296296296296292,0.16296296296296292,1.0,0.21434911242603552,-0.10621301775147929,0.10621301775147929,1.0,-0.4734571129707113,0.2205020920502091,0.2205020920502091,1.0,0.2351503759398497,0.12068965517241381,0.12068965517241381,1.0,-0.0011029411764706398,-0.733639705882353,0.733639705882353,1.0,0.8333333333333334
hc6CdwhQ5HajrSgp2yHO75wZlrD3,696161d82bacd411edb5ba43,single_turn,1,asst_first,ASST,ROLEPLY,0.5105134556041041,0.6063368503812243,0.6260510154190733,0.47499090079259226,-0.3794392523364486,0.5192307692307693,0.5192307692307693,,0.5231481481481481,0.4962962962962963,0.4962962962962963,0.0,0.11434911242603549,0.9282544378698225,0.9282544378698225,1.0,-0.4734571129707113,-0.7029288702928871,0.7029288702928871,1.0,-0.8648496240601503,-0.550516917293233,0.550516917293233,0.0,-0.40110294117647066,-0.42058823529411765,0.42058823529411765,1.0,0.6,0.27442122982601164,0.4979926605539548,0.6313618099556689,0.634430871807382,-0.25841346153846156,0.0145432692307692,0.0145432692307692,,-0.27222222222222225,-0.5592592592592593,0.5592592592592593,1.0,0.27429733727810657,0.3994082840236687,0.3994082840236687,1.0,0.12285156250000001,0.358740234375,0.358740234375,1.0,0.10545112781954888,1.2482758620689656,1.2482758620689656,0.0,0.4577205882352941,0.481985294117647,0.481985294117647,0.0,0.6
hrpbyEvrFHccaLQ7DILLq07vq9Z2,5bcc60b95c2b810001dc68e2,single_turn,1,asst_first,ASST,ROLEPLY,0.5280506688978184,0.5849919947086747,0.7083990743632471,0.6960102797424548,0.5205607476635514,1.1615384615384614,1.1615384615384614,0.0,0.7231481481481481,0.7518518518518518,0.7518518518518518,0.0,0.41434911242603545,-0.6440828402366864,0.6440828402366864,0.0,0.3265428870292887,0.1725941422594142,0.1725941422594142,,0.33515037593984975,-0.8064027255639098,0.8064027255639098,0.0,0.6988970588235294,0.04007352941176473,0.04007352941176473,1.0,0.2,0.6825905710928896,0.35701452126642713,0.3918728832916935,0.39378789855597696,0.2415865384615384,0.44999999999999996,0.44999999999999996,0.0,1.3277777777777777,0.7481481481481482,0.7481481481481482,0.0,-0.5257026627218934,-0.2218934911242603,0.2218934911242603,,-0.0771484375,-0.038330078125,0.038330078125,,-0.6945488721804511,-0.0982142857142857,0.0982142857142857,,0.4577205882352941,0.3143382352941176,0.3143382352941176,,0.0
iWqRWAX40nZXLHzGfBFJ0dFEUTs2,67ec7012f63d646fa7f33bbf,multi_turn,2,asst_first,ASST,ROLEPLY,0.7872307169713945,0.8132417252601344,1.2084645528651232,1.1952008762829918,0.4205607476635514,1.023076923076923,1.023076923076923,0.0,0.8231481481481481,0.9407407407407407,0.9407407407407407,0.0,0.21434911242603552,-0.1029585798816568,0.1029585798816568,1.0,0.8265428870292888,1.4485355648535565,1.4485355648535565,0.0,0.8351503759398498,1.9,1.9,0.0,1.1988970588235295,1.0544117647058824,1.0544117647058824,0.0,0.16666666666666666,0.7943362368716357,0.7396850728575094,0.7137742552812102,0.8340128245396069,0.6415865384615383,0.6692307692307692,0.6692307692307692,0.0,1.1277777777777778,0.6388888888888888,0.6388888888888888,0.0,0.6742973372781066,0.0988165680473373,0.0988165680473373,1.0,0.5228515625,0.5326171875,0.5326171875,1.0,0.5054511278195488,1.0689655172413792,1.0689655172413792,0.0,1.057720588235294,0.8744485294117648,0.8744485294117648,0.0,0.3333333333333333
io6GWCairLVBQsFe0CLrnGQwEml2,67be1d86f01089f6bc1677f1,multi_turn,2,asst_first,ASST,ROLEPLY,0.7911926825747849,0.6648611267151195,0.8458358646100637,0.8008300104282119,0.8205607476635515,0.6288461538461538,0.6288461538461538,0.0,1.0231481481481481,1.259259259259259,1.259259259259259,0.0,0.5143491124260354,0.4350591715976332,0.4350591715976332,1.0,0.5265428870292888,0.9221757322175732,0.9221757322175732,0.0,0.5351503759398497,0.7879310344827586,0.7879310344827586,0.0,1.0988970588235294,0.8068014705882351,0.8068014705882351,0.0,0.16666666666666666,0.7373985745782564,0.3757792044351102,0.7614225735806455,0.7569233111911762,0.4415865384615384,0.2365384615384615,0.2365384615384615,,1.0277777777777777,-0.0777777777777778,0.0777777777777778,1.0,0.6742973372781066,-0.4230769230769231,0.4230769230769231,,0.5228515625,1.0786610878661087,1.0786610878661087,0.0,0.40545112781954884,1.3724137931034481,1.3724137931034481,0.0,1.057720588235294,0.4365349264705882,0.4365349264705882,0.0,0.25
jmm0lVNAChf6Du1UMxsw5MoN2g13,678712caf70562b83286c6e3,control,0,asst_first,ASST,ROLEPLY,0.8048170431486658,0.8395156625751043,0.8422004641836061,0.7660347298769309,0.4205607476635514,1.1442307692307692,1.1442307692307692,0.0,-0.7768518518518519,-0.2333333333333334,0.2333333333333334,1.0,0.8143491124260355,0.6849112426035503,0.6849112426035503,1.0,-0.9734571129707112,-0.7384937238493724,0.7384937238493724,1.0,-1.0648496240601504,-1.2669172932330828,1.2669172932330828,0.0,-0.6011029411764706,-0.5220588235294118,0.5220588235294118,1.0,0.6666666666666666,1.0518027529599348,1.045690948016214,1.0332069252512297,1.0742835755798763,-0.9584134615384616,1.1913461538461538,1.1913461538461538,0.0,1.4277777777777776,1.2907407407407407,1.2907407407407407,0.0,-1.0257026627218935,0.7529585798816569,0.7529585798816569,1.0,-0.0771484375,1.6485355648535565,1.6485355648535565,0.0,0.7054511278195489,-0.16896551724137943,0.16896551724137943,1.0,1.4577205882352942,0.0813419117647058,0.0813419117647058,,0.4
lb9Ak7k9EqN5ykb88J8NxbyPcI02,697cfc324ea85aa42cfe2d1e,multi_turn,2,roleply_first,ROLEPLY,ASST,0.48808435293977115,0.33638321534939164,0.6062369654345866,0.5902800083889413,-0.25841346153846156,0.3634615384615385,0.3634615384615385,1.0,0.7277777777777776,0.8074074074074074,0.8074074074074074,0.0,-0.3257026627218934,-0.4538461538461538,0.4538461538461538,0.0,0.2228515625,-0.05322265625,0.05322265625,,-0.49454887218045107,1.1,1.1,0.0,0.6577205882352941,-0.048161764705882404,0.048161764705882404,1.0,0.4,0.4566893838844857,0.2744634428158824,0.568552793065035,0.3861797445538498,-0.3794392523364486,0.746153846153846,0.746153846153846,1.0,0.5231481481481481,0.4481481481481481,0.4481481481481481,0.0,0.11434911242603549,-0.3775147928994083,0.3775147928994083,1.0,-0.2734571129707113,0.8,0.8,1.0,-0.7648496240601502,0.6,0.6,1.0,-0.40110294117647066,-0.1985294117647059,0.1985294117647059,1.0,0.8333333333333334
lf3R6lhdo6Yjb7CbLGFefhTTKwJ3,600db78b56935a5dd8c759b3,single_turn,1,asst_first,ASST,ROLEPLY,0.45026391148797834,0.7308049027027486,0.6842437599634426,0.6388521551651878,0.020560747663551412,1.3,1.3,0.0,-0.0768518518518519,0.6555555555555554,0.6555555555555554,,-0.9856508875739646,0.6405325443786982,0.6405325443786982,1.0,-0.4734571129707113,-0.32635983263598334,0.32635983263598334,1.0,-0.0648496240601503,0.0,0.0,1.0,-0.10110294117647062,-0.4154411764705882,0.4154411764705882,1.0,0.8,0.4447854784576186,0.5624173507975143,0.6191500694419462,0.6368884111328618,-0.6584134615384616,1.148076923076923,1.148076923076923,0.0,0.6277777777777778,0.825925925925926,0.825925925925926,0.0,-0.3257026627218934,-0.1612426035502958,0.1612426035502958,,-0.0771484375,-0.46569037656903767,0.46569037656903767,1.0,-0.1945488721804511,-0.0199718045112781,0.0199718045112781,,0.4577205882352941,-0.23786764705882357,0.23786764705882357,1.0,0.5
mKkfMHuchHTRL2iHyrnlCn6Wrvl2,69acb6badd90036a06cac01d,single_turn,1,asst_first,ASST,ROLEPLY,0.6226030298022164,0.6400076217186922,0.6805047617878346,0.6215837185312362,0.5205607476635514,0.9692307692307692,0.9692307692307692,,1.0231481481481481,1.074074074074074,1.074074074074074,0.0,0.21434911242603552,-0.4792899408284024,0.4792899408284024,,-0.9734571129707112,0.0,0.0,1.0,-0.0648496240601503,0.30000000000000004,0.30000000000000004,1.0,-0.10110294117647062,-0.6047794117647058,0.6047794117647058,1.0,0.75,0.8883272484040615,0.879581636952517,1.0376299666996947,0.9138102349632389,0.0415865384615384,0.6019230769230769,0.6019230769230769,0.0,1.4277777777777776,1.5037037037037038,1.5037037037037038,0.0,-1.0257026627218935,-1.3357988165680474,1.3357988165680474,0.0,-0.0771484375,0.8661087866108786,0.8661087866108786,,-1.1945488721804511,-1.1325187969924813,1.1325187969924813,0.0,0.4577205882352941,-0.13970588235294118,0.13970588235294118,1.0,0.2
mmqBjHs2v2WocYSSsQekGYZ81LR2,6985e73e501c4df376a58abf,single_turn,1,roleply_first,ROLEPLY,ASST,0.5725039125551357,0.6324291927076209,0.6170735432366425,0.723250474974585,0.3415865384615384,0.4296144859813084,0.4296144859813084,1.0,1.1277777777777778,1.248148148148148,1.248148148148148,0.0,-0.6257026627218933,-0.23184713375796184,0.23184713375796184,1.0,-0.0771484375,-0.328125,0.328125,,-0.3945488721804511,-0.10075187969924809,0.10075187969924809,1.0,0.1577205882352941,0.6088235294117648,0.6088235294117648,1.0,0.8,0.5873681336386022,0.5692595005335863,0.9511142725083613,0.8328925038738424,0.5205607476635514,0.85,0.85,0.0,0.6231481481481481,1.5370370370370372,1.5370370370370372,0.0,0.11434911242603549,-0.8911242603550296,0.8911242603550296,0.0,0.0265428870292887,0.6150627615062761,0.6150627615062761,,0.43515037593984973,0.9517241379310346,0.9517241379310346,0.0,1.0988970588235294,0.5143382352941176,0.5143382352941176,0.0,0.0
mr3jlPO5HTUJdjXXGGSV1kkmCP72,66d09e2f390b758fbe0f21b5,single_turn,1,asst_first,ASST,ROLEPLY,0.41761005039307014,0.3558676725031871,0.4786294356318131,0.43774264996183593,-0.2794392523364486,0.2692307692307693,0.2692307692307693,1.0,0.4231481481481481,0.1092592592592592,0.1092592592592592,1.0,-0.0856508875739645,-0.1109467455621301,0.1109467455621301,,-0.3734571129707113,0.05606694560669445,0.05606694560669445,1.0,-0.0648496240601503,0.9448275862068966,0.9448275862068966,,0.7988970588235293,0.618014705882353,0.618014705882353,0.0,0.75,0.4081544069604027,0.538203645399898,0.6264659268563345,0.5042512838175446,-0.25841346153846156,0.6615384615384615,0.6615384615384615,0.0,0.1277777777777777,0.8962962962962961,0.8962962962962961,0.0,-0.0257026627218934,-0.594378698224852,0.594378698224852,0.0,-0.3771484375,-0.37364016736401673,0.37364016736401673,1.0,-0.1945488721804511,0.42758620689655175,0.42758620689655175,1.0,0.8577205882352941,-0.6618566176470588,0.6618566176470588,1.0,0.5
o1bt5au7YBVhRNe4nYWB4QGZHci1,69b86e94de9c503e9a58411d,control,0,roleply_first,ROLEPLY,ASST,0.4016276695841031,0.6108533794707599,0.7421167529400134,0.5836737410839532,0.5415865384615384,1.0326923076923076,1.0326923076923076,0.0,0.1277777777777777,0.9666666666666666,0.9666666666666666,0.0,0.27429733727810657,0.6597133757961783,0.6597133757961783,0.0,-0.4771484375,-0.638671875,0.638671875,0.0,-0.5945488721804512,-0.6549812030075188,0.6549812030075188,0.0,-0.0422794117647059,0.1772058823529411,0.1772058823529411,1.0,0.16666666666666666,0.4411242832745775,0.6460583585776074,0.5139510967930719,0.48925322797760623,-0.2794392523364486,0.019230769230769273,0.019230769230769273,1.0,0.7231481481481481,1.1666666666666665,1.1666666666666665,0.0,0.11434911242603549,0.19763313609467448,0.19763313609467448,1.0,-0.4734571129707113,-0.20585774058577422,0.20585774058577422,1.0,-0.5648496240601503,0.30000000000000004,0.30000000000000004,1.0,-0.10110294117647062,0.2279411764705883,0.2279411764705883,1.0,0.8333333333333334
oEqjiRQmtmQp6Vll1UoBKcZCab23,69aafa2956b44dbc95d9a56e,multi_turn,2,roleply_first,ROLEPLY,ASST,0.7189441552539741,0.8077226564747124,0.7978122739619007,0.757550103959015,0.5415865384615384,0.9519230769230769,0.9519230769230769,0.0,1.0277777777777777,1.3037037037037036,1.3037037037037036,0.0,-0.8257026627218934,-0.998224852071006,0.998224852071006,0.0,-0.0771484375,-0.02677824267782425,0.02677824267782425,1.0,-0.7945488721804511,-0.4017241379310345,0.4017241379310345,1.0,0.6577205882352941,-0.23382352941176476,0.23382352941176476,1.0,0.5,0.38088196207649194,0.48415737790483593,0.14888465376946614,0.18356246548695837,-0.3794392523364486,-0.053846153846153766,0.053846153846153766,1.0,-0.2768518518518519,-0.14629629629629637,0.14629629629629637,1.0,0.31434911242603547,0.22174556213017763,0.22174556213017763,1.0,-0.4734571129707113,-0.243723849372385,0.243723849372385,1.0,0.5351503759398497,0.006896551724137945,0.006896551724137945,1.0,-0.2011029411764706,-0.008823529411764675,0.008823529411764675,1.0,1.0
ozZ7JCJC7QObYvB1yGZ15LslF253,67a67d69cadaa10c63c83485,single_turn,1,roleply_first,ROLEPLY,ASST,0.6802291112088696,0.8358002742765129,0.7220167244794654,0.7309717916047375,0.6415865384615383,0.8341121495327103,0.8341121495327103,1.0,0.4277777777777777,-0.5740740740740742,0.5740740740740742,1.0,0.6742973372781066,-0.9748208598726115,0.9748208598726115,1.0,-0.0771484375,-0.0576171875,0.0576171875,,-1.1945488721804511,-1.0481672932330828,1.0481672932330828,0.0,-0.5422794117647058,-0.22426470588235303,0.22426470588235303,1.0,0.8,0.5407201663174558,0.7957102912879841,0.9405644156836709,0.8337487920054896,-0.0794392523364486,1.1052884615384615,1.1052884615384615,0.0,-0.7768518518518519,0.711111111111111,0.711111111111111,,-0.1856508875739645,-1.3106508875739644,1.3106508875739644,0.0,0.0265428870292887,0.1809623430962343,0.1809623430962343,,-0.8648496240601503,-1.2208646616541352,1.2208646616541352,0.0,-0.6011029411764706,-0.5827205882352942,0.5827205882352942,1.0,0.25
pPsteqTn0hWSg14qRdNDK9jCkUz1,64e36d981d00e7d7c45addc2,multi_turn,2,asst_first,ASST,ROLEPLY,0.7468476843421133,0.6828973884159932,0.732366898533324,0.5949235912218503,0.9205607476635514,1.6,1.6,0.0,0.7231481481481481,0.637037037037037,0.637037037037037,,0.8143491124260355,-0.1952662721893491,0.1952662721893491,,-0.9734571129707112,-0.4435146443514645,0.4435146443514645,1.0,-0.0648496240601503,0.0,0.0,1.0,-0.6011029411764706,-0.13235294117647056,0.13235294117647056,1.0,0.75,0.4290834340053165,0.931281836995545,0.8643707772473199,0.7950971239322037,-0.45841346153846163,1.7,1.7,0.0,-0.17222222222222228,0.9388888888888889,0.9388888888888889,0.0,-0.0257026627218934,-0.6322485207100592,0.6322485207100592,0.0,-0.0771484375,-0.5188284518828453,0.5188284518828453,1.0,0.8054511278195489,0.0,0.0,1.0,0.4577205882352941,-0.20588235294117652,0.20588235294117652,1.0,0.5
qOmuiDiBwnUyQSvRK55tvKsi0vS2,60fd588771ae861f9244f93d,control,0,roleply_first,ROLEPLY,ASST,0.729513211937577,0.8711917550065731,0.8385246752677975,0.7773317861736997,0.0415865384615384,1.2192307692307693,1.2192307692307693,0.0,1.2277777777777779,1.1092592592592592,1.1092592592592592,0.0,-0.5257026627218934,0.5587278106508875,0.5587278106508875,1.0,-1.0771484375,-0.6150627615062763,0.6150627615062763,1.0,-0.1945488721804511,-0.7706896551724138,0.7706896551724138,1.0,0.4577205882352941,0.4661764705882353,0.4661764705882353,1.0,0.6666666666666666,0.3292912903180057,0.6270186250334567,0.6625569485897048,0.5571040693051728,0.5205607476635514,0.5884615384615385,0.5884615384615385,,-0.0768518518518519,1.2259259259259259,1.2259259259259259,0.0,0.01434911242603551,0.48234097633136097,0.48234097633136097,1.0,-0.5734571129707112,-0.3669456066945607,0.3669456066945607,1.0,-0.0648496240601503,0.4,0.4,1.0,-0.2011029411764706,-0.5073529411764706,0.5073529411764706,1.0,0.8
qSi1jLuy7sTmbLyrkumQvza2QCJ2,6743905b3105844d1c76e0b5,control,0,roleply_first,ROLEPLY,ASST,0.9705306731044714,1.0844953186463642,1.0295475738563493,1.0224351371908584,-0.9584134615384616,1.4653846153846155,1.4653846153846155,0.0,1.4277777777777776,1.711111111111111,1.711111111111111,0.0,-1.0257026627218935,-0.7038216560509554,0.7038216560509554,1.0,-0.0771484375,-0.872907949790795,0.872907949790795,1.0,-1.1945488721804511,-0.1344827586206897,0.1344827586206897,1.0,0.4577205882352941,-0.09558823529411764,0.09558823529411764,1.0,0.6666666666666666,0.6367831687511775,0.7662435157652462,0.566853968066715,0.5924996418206291,0.9205607476635514,0.3615384615384615,0.3615384615384615,,0.7231481481481481,-0.2851851851851852,0.2851851851851852,1.0,0.31434911242603547,-0.5506656804733727,0.5506656804733727,0.0,-0.7734571129707113,-0.6924686192468619,0.6924686192468619,1.0,-0.0648496240601503,-0.6672413793103449,0.6672413793103449,1.0,-0.6011029411764706,-0.6985294117647058,0.6985294117647058,1.0,0.8
qtFuqsgUOHZDWuIoYFHJEGGkSKj1,6942be29f8b07d8bb9582521,single_turn,1,asst_first,ASST,ROLEPLY,0.6413710236676291,0.6705086313388188,0.4460808603033831,0.395734472634372,-0.0794392523364486,1.0,1.0,,-0.0768518518518519,-0.07592592592592601,0.07592592592592601,1.0,0.11434911242603549,0.07928994082840235,0.07928994082840235,1.0,-0.9734571129707112,0.0,0.0,1.0,-1.0648496240601504,0.0,0.0,1.0,-0.6011029411764706,-0.42647058823529416,0.42647058823529416,1.0,1.0,0.7097334003857134,0.8737973143734646,0.9228510390806488,0.835292050937048,0.6415865384615383,0.8163461538461537,0.8163461538461537,0.0,0.9277777777777777,1.224074074074074,1.224074074074074,0.0,-1.0257026627218935,-1.1590236686390532,1.1590236686390532,0.0,-0.0771484375,-0.16103515625,0.16103515625,0.0,-0.6945488721804511,-0.9057330827067669,0.9057330827067669,0.0,0.4577205882352941,-0.8692095588235296,0.8692095588235296,1.0,0.16666666666666666
rpQeEDwhNzPuN1RZopkLjjznnqC3,5f51529b15e36638fe535eae,single_turn,1,asst_first,ASST,ROLEPLY,0.5888711712513587,0.4589345312438239,0.6656052610165937,0.6641774910653435,0.4205607476635514,0.6990384615384615,0.6990384615384615,0.0,1.0231481481481481,1.2148148148148148,1.2148148148148148,0.0,-0.48565088757396446,-0.7082840236686391,0.7082840236686391,0.0,-0.3734571129707113,-0.030543933054393402,0.030543933054393402,1.0,-0.6648496240601502,-0.3827067669172932,0.3827067669172932,0.0,0.19889705882352937,-0.2113970588235295,0.2113970588235295,1.0,0.3333333333333333,0.4729768557491282,0.4457857644933906,0.6066110102894594,0.5121756582405054,0.4415865384615384,0.7403846153846154,0.7403846153846154,0.0,0.6277777777777778,0.3388888888888889,0.3388888888888889,0.0,-0.5257026627218934,-0.4884615384615385,0.4884615384615385,0.0,0.3228515625,1.0656903765690375,1.0656903765690375,0.0,-0.49454887218045107,0.30000000000000004,0.30000000000000004,1.0,0.35772058823529407,-0.2838235294117647,0.2838235294117647,1.0,0.3333333333333333
rsC43d7VoPTNsTPBYmrRKf7X9x22,6978e5ac05aa99239ef85797,multi_turn,2,roleply_first,ROLEPLY,ASST,0.5159791078405442,0.6257822306975819,0.5860805786931339,0.5929108703278458,-0.15841346153846161,0.7249999999999999,0.7249999999999999,0.0,0.8277777777777777,0.798148148148148,0.798148148148148,0.0,0.5742973372781066,0.4728180473372782,0.4728180473372782,1.0,-0.1771484375,-0.44414225941422597,0.44414225941422597,1.0,0.30545112781954886,-0.5413533834586466,0.5413533834586466,0.0,0.6577205882352941,0.4294117647058824,0.4294117647058824,1.0,0.5,0.4332843604237281,0.4754811435293411,0.4321602364334975,0.21123873927995443,0.3205607476635514,-0.23846153846153853,0.23846153846153853,1.0,-0.2768518518518519,0.39259259259259255,0.39259259259259255,1.0,0.21434911242603552,0.38195266272189343,0.38195266272189343,1.0,-0.2734571129707113,-0.17740585774058576,0.17740585774058576,1.0,0.13515037593984972,-0.7278195488721804,0.7278195488721804,0.0,0.8988970588235294,-0.44999999999999996,0.44999999999999996,1.0,0.8333333333333334
s70Cprdtx2MUuDYNFGeMtazB21k1,69a3ba4a762017f1f57d60c6,single_turn,1,roleply_first,ROLEPLY,ASST,0.4996007617295804,0.634144651426707,0.5232756200370748,0.5724115253821053,0.1415865384615384,0.43598130841121496,0.43598130841121496,1.0,0.8277777777777777,1.0407407407407407,1.0407407407407407,0.0,0.27429733727810657,-0.13949044585987258,0.13949044585987258,1.0,0.2228515625,-0.06171874999999999,0.06171874999999999,1.0,0.30545112781954886,-0.5556390977443608,0.5556390977443608,0.0,0.7577205882352941,0.1941176470588235,0.1941176470588235,1.0,0.6666666666666666,0.5025535285668812,0.5046317748428903,0.6973891193994491,0.5572185889115862,0.4205607476635514,0.2341121495327103,0.2341121495327103,1.0,0.923148148148148,1.2444444444444445,1.2444444444444445,0.0,0.21434911242603552,0.7060509554140126,0.7060509554140126,0.0,-0.4734571129707113,-0.7494140625,0.7494140625,0.0,0.2351503759398497,-0.4969924812030075,0.4969924812030075,0.0,-0.40110294117647066,-0.08676470588235297,0.08676470588235297,1.0,0.3333333333333333
sn5LObU8koW8MiMOsBKo4w8ofDx1,6717caf5317ad8e02d9b3b38,control,0,roleply_first,ROLEPLY,ASST,0.5798715355767574,0.6554889740120808,0.7194558006274566,0.6539661284343149,-0.35841346153846165,1.0307692307692307,1.0307692307692307,0.0,-0.27222222222222225,0.7833333333333333,0.7833333333333333,0.0,-0.8257026627218934,-1.141715976331361,1.141715976331361,0.0,-0.3771484375,0.1815899581589957,0.1815899581589957,1.0,-0.9945488721804512,-0.2948275862068966,0.2948275862068966,1.0,-0.0422794117647059,-0.07867647058823524,0.07867647058823524,1.0,0.5,0.5822303316552306,0.7117117938961904,0.7196819923072456,0.6435869944214624,0.6205607476635514,1.3653846153846154,1.3653846153846154,0.0,-0.2768518518518519,-0.029629629629629672,0.029629629629629672,1.0,-0.8856508875739645,-1.0937869822485207,1.0937869822485207,0.0,-0.1734571129707113,-0.04184100418410053,0.04184100418410053,1.0,-0.8648496240601503,0.19999999999999996,0.19999999999999996,1.0,0.0988970588235294,-0.06617647058823517,0.06617647058823517,1.0,0.6666666666666666
so92Xah337SeoEcY2GwaXH3WL3L2,66d88375799e00b593a8655f,multi_turn,2,asst_first,ASST,ROLEPLY,0.541650441954419,0.5419913274430469,0.7952193937118078,0.6444434761205311,-0.47943925233644863,1.1115384615384616,1.1115384615384616,0.0,0.3231481481481481,1.009259259259259,1.009259259259259,0.0,0.31434911242603547,-0.6106508875739645,0.6106508875739645,0.0,-0.9734571129707112,0.0988493723849372,0.0988493723849372,,0.13515037593984972,-0.16896551724137943,0.16896551724137943,1.0,-0.6011029411764706,-1.0625,1.0625,0.0,0.2,0.4201830905626095,0.8899700307934623,0.9359696027653992,0.8440786852530683,0.6415865384615383,1.148076923076923,1.148076923076923,0.0,0.5277777777777777,1.2388888888888887,1.2388888888888887,0.0,0.3742973372781066,-1.1292899408284023,1.1292899408284023,0.0,-0.0771484375,-0.4117154811715482,0.4117154811715482,1.0,0.40545112781954884,-0.9082706766917292,0.9082706766917292,0.0,-0.24227941176470585,-0.36544117647058827,0.36544117647058827,1.0,0.3333333333333333
syiVXJDdY1RF4WUkeenX5Do8yKF3,60ac66a8e1bf5a1c51fa864c,control,0,roleply_first,ROLEPLY,ASST,0.6551122736584436,0.770222230354319,0.8282637676488058,0.7674198745961558,0.5415865384615384,0.16699766355140191,0.16699766355140191,1.0,0.8277777777777777,0.8537037037037036,0.8537037037037036,0.0,-0.7257026627218933,-0.506687898089172,0.506687898089172,1.0,-0.0771484375,-1.28046875,1.28046875,0.0,-0.7945488721804511,-1.1609022556390978,1.1609022556390978,0.0,0.6577205882352941,0.33970588235294125,0.33970588235294125,1.0,0.5,0.5419096851002645,0.5080888273752446,0.5099847538331036,0.45586377698004354,-0.2794392523364486,-0.15673076923076928,0.15673076923076928,1.0,-0.17685185185185193,0.04074074074074063,0.04074074074074063,1.0,0.5143491124260354,0.46449044585987265,0.46449044585987265,0.0,-0.9734571129707112,-1.08447265625,1.08447265625,0.0,0.43515037593984973,-0.1533834586466165,0.1533834586466165,1.0,-0.5011029411764707,-0.3448529411764706,0.3448529411764706,1.0,0.6666666666666666
tTlUQ6AT6VeGOyUcAWg3kMeIplt2,66c0f464e0ff62798027b486,single_turn,1,roleply_first,ROLEPLY,ASST,0.756163701808196,0.8315591409301938,0.8088007782066388,0.7593472988229547,0.6415865384615383,0.4769230769230769,0.4769230769230769,0.0,1.1277777777777778,1.2648148148148146,1.2648148148148146,0.0,-0.7257026627218933,-1.1017751479289941,1.1017751479289941,0.0,0.12285156250000001,0.5564853556485355,0.5564853556485355,,-0.7945488721804511,0.09999999999999998,0.09999999999999998,1.0,0.7577205882352941,0.7511029411764705,0.7511029411764705,0.0,0.2,0.48124287400974003,0.4989748639154419,0.7465409222896845,0.8297217722679199,0.4205607476635514,0.6730769230769229,0.6730769230769229,0.0,0.8231481481481481,1.2148148148148148,1.2148148148148148,0.0,0.11434911242603549,0.1313609467455622,0.1313609467455622,1.0,-0.2734571129707113,-0.515234375,0.515234375,0.0,0.5351503759398497,0.7137931034482758,0.7137931034482758,0.0,-0.40110294117647066,-0.7892463235294118,0.7892463235294118,1.0,0.3333333333333333
u16X5zD5quh38e25EDUb2iKvJUq2,60bff9298f56d55c8ecd9adf,single_turn,1,asst_first,ASST,ROLEPLY,0.6282813252694673,0.6771105477509921,0.6713909972590941,0.4838049667901656,-0.0794392523364486,-0.064423076923077,0.064423076923077,1.0,0.8231481481481481,0.5222222222222221,0.5222222222222221,,0.6143491124260355,0.9389792899408284,0.9389792899408284,1.0,-0.9734571129707112,-0.5271966527196653,0.5271966527196653,1.0,-0.5648496240601503,-0.8832706766917293,0.8832706766917293,0.0,-0.2011029411764706,-0.6985294117647058,0.6985294117647058,1.0,0.8,0.6887590529177693,0.49427462398527344,0.5632152088029024,0.48004499244882637,0.2415865384615384,0.1615384615384615,0.1615384615384615,1.0,0.1277777777777777,0.0703703703703703,0.0703703703703703,1.0,-0.7257026627218933,-0.545859872611465,0.545859872611465,1.0,0.5228515625,0.6255230125523012,0.6255230125523012,0.0,-0.7945488721804511,0.43793103448275866,0.43793103448275866,1.0,1.1577205882352941,0.9955882352941177,0.9955882352941177,0.0,0.6666666666666666
u1xJz5yWwzb6fcqAPmWLbYv8AI13,69a6f5f930a06e13c4593d9d,single_turn,1,roleply_first,ROLEPLY,ASST,0.5942874818141094,0.6131844702928683,0.5771855513440455,0.5987081486367177,-0.35841346153846165,0.6206730769230769,0.6206730769230769,0.0,0.6277777777777778,0.8833333333333333,0.8833333333333333,0.0,-0.7257026627218933,-0.7628698224852071,0.7628698224852071,0.0,-0.0771484375,0.0423640167364016,0.0423640167364016,,-0.7945488721804511,0.4724137931034482,0.4724137931034482,1.0,0.6577205882352941,-0.16249999999999998,0.16249999999999998,1.0,0.4,0.3866418825533056,0.23436883514038928,0.49619826901607794,0.5610631296689335,0.3205607476635514,0.3764423076923076,0.3764423076923076,0.0,0.4231481481481481,0.574074074074074,0.574074074074074,0.0,0.11434911242603549,0.141715976331361,0.141715976331361,1.0,-0.5734571129707112,0.2225941422594142,0.2225941422594142,1.0,0.33515037593984975,0.8862068965517242,0.8862068965517242,0.0,-0.40110294117647066,-0.38860294117647054,0.38860294117647054,1.0,0.5
uOKbk6SMdWN9Je71criorWQnIj82,697ac05f1a7d1249998af442,control,0,roleply_first,ROLEPLY,ASST,0.5717911566094185,0.4673536082925374,0.5897194084088516,0.4874889917601515,0.0415865384615384,0.5932692307692307,0.5932692307692307,0.0,1.1277777777777778,0.5425925925925926,0.5425925925925926,0.0,-0.5257026627218934,-0.6642011834319527,0.6642011834319527,0.0,-0.3771484375,0.0744769874476987,0.0744769874476987,1.0,-0.49454887218045107,0.9068965517241379,0.9068965517241379,0.0,0.1577205882352941,0.4136029411764705,0.4136029411764705,,0.2,0.28606060624067026,0.6159468524126058,0.5504218127272683,0.4874188643664454,-0.0794392523364486,-0.1384615384615384,0.1384615384615384,1.0,-0.17685185185185193,0.1444444444444445,0.1444444444444445,1.0,-0.5856508875739646,-0.9446745562130177,0.9446745562130177,0.0,0.0265428870292887,0.8368200836820083,0.8368200836820083,,-0.26484962406015033,0.19999999999999996,0.19999999999999996,1.0,0.19889705882352937,-0.38088235294117656,0.38088235294117656,1.0,0.8
v9z15SNZwlhgpA3Ea06vZSSQFyv1,67bd6c87f503d16fdf672aad,control,0,roleply_first,ROLEPLY,ASST,0.8243186144941822,0.595120235548328,0.5684321269810445,0.5307470403346107,0.4415865384615384,0.8144230769230769,0.8144230769230769,0.0,1.1277777777777778,0.6027777777777777,0.6027777777777777,0.0,0.7742973372781067,0.2127218934911243,0.2127218934911243,1.0,0.3228515625,0.2332635983263598,0.2332635983263598,,-0.9945488721804512,-0.7738721804511277,0.7738721804511277,0.0,0.9577205882352942,-0.4620863970588236,0.4620863970588236,1.0,0.4,0.6870826153972626,0.3728757172907695,0.6988714786801462,0.5780833640867081,-0.5794392523364486,1.123076923076923,1.123076923076923,0.0,0.7231481481481481,-0.1388888888888889,0.1388888888888889,1.0,0.5143491124260354,-0.82603550295858,0.82603550295858,0.0,-0.8734571129707113,0.7866108786610878,0.7866108786610878,,-0.7648496240601502,0.5413793103448277,0.5413793103448277,1.0,-0.6011029411764706,-0.2361213235294118,0.2361213235294118,1.0,0.6
w99Mgqv0XvVdlJ2Fty79Mp5hoJy1,698e28e82c9b4a91e85701dd,multi_turn,2,roleply_first,ROLEPLY,ASST,0.6018320533814367,0.7252610733939702,0.7227121279432734,0.6270177881103558,0.0415865384615384,0.5365384615384615,0.5365384615384615,0.0,0.1277777777777777,-0.3870370370370371,0.3870370370370371,1.0,-0.7257026627218933,0.4038461538461539,0.4038461538461539,1.0,-0.0771484375,-0.9186767578125,0.9186767578125,0.0,-1.1945488721804511,-1.2781954887218046,1.2781954887218046,0.0,-0.4422794117647059,-0.23529411764705876,0.23529411764705876,1.0,0.5,0.588601732305772,0.5723413701382025,0.5813577697399201,0.3857121993252427,-0.2794392523364486,-0.1394230769230769,0.1394230769230769,1.0,-0.0768518518518519,0.22222222222222215,0.22222222222222215,1.0,0.21434911242603552,0.5337278106508876,0.5337278106508876,1.0,-0.6734571129707112,-0.3897489539748955,0.3897489539748955,1.0,-1.0648496240601504,-1.0424812030075188,1.0424812030075188,0.0,-0.6011029411764706,-0.6599264705882353,0.6599264705882353,1.0,0.8333333333333334
wPndQyJQrTck7pCNAjmzNdhwdaB3,63d29a1e50cf0f82998d2564,control,0,asst_first,ASST,ROLEPLY,0.7501956518604651,0.7737207786974579,0.6406307408850327,0.6167260430992814,-0.5794392523364486,-0.03076923076923077,0.03076923076923077,1.0,-0.0768518518518519,-0.27222222222222225,0.27222222222222225,1.0,-1.0856508875739646,-1.1180473372781066,1.1180473372781066,0.0,-0.9734571129707112,-0.2594142259414227,0.2594142259414227,1.0,-0.8648496240601503,1.0,1.0,,-0.40110294117647066,-0.26470588235294124,0.26470588235294124,1.0,0.8,0.39795799641950974,0.5432689499567402,0.5284695286391836,0.6092507122858212,0.0415865384615384,0.14423076923076916,0.14423076923076916,1.0,0.6277777777777778,0.5444444444444444,0.5444444444444444,0.0,-0.0257026627218934,-0.6532544378698224,0.6532544378698224,0.0,-0.5771484375,-0.3757322175732218,0.3757322175732218,1.0,0.10545112781954888,0.6431034482758621,0.6431034482758621,0.0,0.4577205882352941,0.613970588235294,0.613970588235294,,0.4
wRktk6lmE2ewprJ2fXvlT6imWKM2,6234866ad5f13fac2a5cf725,single_turn,1,asst_first,ASST,ROLEPLY,0.41572665086871025,0.4740604112387442,0.5957182716261538,0.5262092547045617,0.22056074766355138,-0.3903846153846154,0.3903846153846154,1.0,0.4231481481481481,0.9888888888888888,0.9888888888888888,0.0,0.21434911242603552,-0.45207100591715976,0.45207100591715976,0.0,-0.7734571129707113,0.5096234309623431,0.5096234309623431,0.0,-0.0648496240601503,0.1913793103448275,0.1913793103448275,,-0.40110294117647066,-0.7058823529411765,0.7058823529411765,1.0,0.4,0.3954338351243829,0.7532597776865533,0.6231628531321376,0.662871701161969,-0.15841346153846161,0.5411057692307693,0.5411057692307693,0.0,0.6277777777777778,1.037037037037037,1.037037037037037,0.0,-0.0257026627218934,-0.5843195266272189,0.5843195266272189,0.0,-0.2771484375,-0.46945606694560676,0.46945606694560676,1.0,-0.0945488721804511,0.49310344827586206,0.49310344827586206,1.0,0.6577205882352941,0.3959558823529412,0.3959558823529412,0.0,0.3333333333333333
wVCx2VOXinPTuTy5lVTZW4gk6ah2,67ad581c7825ebbd7a5365e0,single_turn,1,roleply_first,ROLEPLY,ASST,0.4931872045778141,0.4687358093346556,0.4552778518884015,0.5888990825845956,-0.6584134615384616,0.8802884615384615,0.8802884615384615,0.0,0.4277777777777777,0.6222222222222222,0.6222222222222222,,0.4742973372781066,-0.12011834319526621,0.12011834319526621,1.0,-0.0771484375,0.2,0.2,1.0,-0.1945488721804511,0.1414943609022557,0.1414943609022557,1.0,0.7577205882352941,0.0845588235294117,0.0845588235294117,,0.75,0.21388006766227935,0.21231526975520226,0.2276245222016807,0.21537500634821372,-0.0794392523364486,0.1740384615384615,0.1740384615384615,,-0.0768518518518519,0.35555555555555557,0.35555555555555557,1.0,0.11434911242603549,0.0257396449704142,0.0257396449704142,1.0,-0.3734571129707113,-0.07615062761506278,0.07615062761506278,1.0,-0.26484962406015033,-0.38129699248120297,0.38129699248120297,0.0,0.19889705882352937,-0.048161764705882404,0.048161764705882404,1.0,0.8
weZqFV0AANgH51Gzpausdv1cWhr1,60257702487c590d441d8c67,multi_turn,2,roleply_first,ROLEPLY,ASST,0.5640697857483911,0.4123753901868068,0.755767967624061,0.5955924436086188,-0.15841346153846161,0.2326923076923077,0.2326923076923077,,1.2277777777777779,0.4481481481481481,0.4481481481481481,,-0.0257026627218934,0.1027070063694267,0.1027070063694267,,-0.0771484375,0.080020920502092,0.080020920502092,,0.6054511278195489,1.3379310344827586,1.3379310344827586,0.0,0.05772058823529408,1.1683823529411765,1.1683823529411765,0.0,0.0,0.4200154963447094,0.531599572552424,0.3793826906387708,0.4367681865848347,-0.0794392523364486,0.6994158878504673,0.6994158878504673,1.0,0.2231481481481481,0.1074074074074074,0.1074074074074074,1.0,0.11434911242603549,-0.3017751479289941,0.3017751479289941,,-0.9734571129707112,-0.5175732217573222,0.5175732217573222,1.0,0.03515037593984971,-0.0034482758620689724,0.0034482758620689724,1.0,-0.2011029411764706,0.0625,0.0625,,1.0
wwUaClmQuwPABvIKFdCrDEhJhnm1,5d9b7c7efaa2860364b16476,control,0,asst_first,ASST,ROLEPLY,0.5627943450122876,0.7026237115297306,0.9804899175709886,0.8433953145464629,0.5205607476635514,1.044230769230769,1.044230769230769,0.0,0.7231481481481481,1.0185185185185186,1.0185185185185186,0.0,0.21434911242603552,0.40414201183431947,0.40414201183431947,1.0,0.7265428870292887,1.0748953974895397,1.0748953974895397,0.0,-0.6648496240601502,0.9482758620689655,0.9482758620689655,0.0,-0.3011029411764706,1.1926470588235294,1.1926470588235294,0.0,0.16666666666666666,0.6522318776607812,0.6090891132675095,0.7808874454687006,0.8312983843415328,0.7415865384615383,0.95,0.95,0.0,0.9277777777777777,0.9925925925925926,0.9925925925925926,0.0,0.5742973372781066,0.28195266272189345,0.28195266272189345,1.0,0.4228515625,0.805020920502092,0.805020920502092,0.0,-0.7945488721804511,0.6267241379310344,0.6267241379310344,0.0,-0.0422794117647059,0.8066176470588236,0.8066176470588236,0.0,0.16666666666666666
yvXpm6nueNUQszPNQ7luL6AZrVq1,6998959c68928b0ed3e02d49,single_turn,1,roleply_first,ROLEPLY,ASST,0.44306019560752574,0.7852914210485988,0.7855069708648876,0.725713750843262,0.3415865384615384,0.95,0.95,0.0,-0.27222222222222225,1.2148148148148148,1.2148148148148148,0.0,0.3742973372781066,0.44467455621301777,0.44467455621301777,1.0,-0.8771484375,-0.46945606694560676,0.46945606694560676,1.0,0.10545112781954888,-0.9387218045112782,0.9387218045112782,0.0,0.2577205882352941,-0.15661764705882353,0.15661764705882353,1.0,0.5,0.1570336319538223,0.5526292686493367,0.3684166392759693,0.2861194169451518,-0.0794392523364486,0.0346153846153846,0.0346153846153846,1.0,-0.17685185185185193,-0.1962962962962963,0.1962962962962963,1.0,0.11434911242603549,0.4313609467455622,0.4313609467455622,1.0,-0.07345711297071131,-0.5631799163179918,0.5631799163179918,1.0,0.03515037593984971,0.5,0.5,1.0,-0.3011029411764706,0.14632352941176474,0.14632352941176474,1.0,1.0
zL3Redz80hR3hQXGVpQdPCgdyiA2,69b60019e11a4a19a65458d1,multi_turn,2,roleply_first,ROLEPLY,ASST,0.7150641414420263,0.7283736495428634,0.7853081249309292,0.6990954988696365,-0.25841346153846156,0.5557692307692307,0.5557692307692307,0.0,1.0277777777777777,1.1074074074074072,1.1074074074074072,0.0,-0.42570266272189344,-0.5573964497041419,0.5573964497041419,0.0,-0.4771484375,-1.00703125,1.00703125,0.0,-0.8945488721804511,-0.8321428571428571,0.8321428571428571,0.0,0.8577205882352941,-0.384393063583815,0.384393063583815,,0.0,0.5870672724944523,0.8724263362293061,1.047943196092158,1.0304435762160757,0.9205607476635514,0.9101562499999999,0.9101562499999999,0.0,-0.0768518518518519,1.175925925925926,1.175925925925926,0.0,0.8143491124260355,0.7781065088757397,0.7781065088757397,1.0,0.0265428870292887,-0.9513598326359833,0.9513598326359833,1.0,0.43515037593984973,0.7218045112781954,0.7218045112781954,1.0,-0.6011029411764706,-1.5317919075144508,1.5317919075144508,0.0,0.5
